
INSERT INTO bbstatstest.GeoContexts (id, parent_id, name) VALUES
(1, NULL, 'Africa'),
(2, NULL, 'Antarctica'),
(3, NULL, 'Asia'),
(4, NULL, 'Europe'),
(5, NULL, 'North America'),
(6, NULL, 'Oceania'),
(7, NULL, 'South America'),
(8, NULL, 'Afghanistan'),
(9, NULL, 'Albania'),
(10, NULL, 'Algeria'),
(11, NULL, 'American Samoa'),
(12, NULL, 'Andorra'),
(13, NULL, 'Angola'),
(14, NULL, 'Anguilla'),
(15, NULL, 'Antarctica'),
(16, NULL, 'Antigua and Barbuda'),
(17, NULL, 'Argentina'),
(18, NULL, 'Armenia'),
(19, NULL, 'Aruba'),
(20, NULL, 'Australia'),
(21, NULL, 'Austria'),
(22, NULL, 'Azerbaijan'),
(23, NULL, 'Bahamas'),
(24, NULL, 'Bahrain'),
(25, NULL, 'Bangladesh'),
(26, NULL, 'Barbados'),
(27, NULL, 'Belarus'),
(28, NULL, 'Belgium'),
(29, NULL, 'Belize'),
(30, NULL, 'Benin'),
(31, NULL, 'Bermuda'),
(32, NULL, 'Bhutan'),
(33, NULL, 'Bolivia'),
(34, NULL, 'Bosnia and Herzegovina'),
(35, NULL, 'Botswana'),
(36, NULL, 'Bouvet Island'),
(37, NULL, 'Brazil'),
(38, NULL, 'British Indian Ocean Territory'),
(39, NULL, 'Brunei Darussalam'),
(40, NULL, 'Bulgaria'),
(41, NULL, 'Burkina Faso'),
(42, NULL, 'Burundi'),
(43, NULL, 'Cambodia'),
(44, NULL, 'Cameroon'),
(45, NULL, 'Canada'),
(46, NULL, 'Cape Verde'),
(47, NULL, 'Cayman Islands'),
(48, NULL, 'Central African Republic'),
(49, NULL, 'Chad'),
(50, NULL, 'Chile'),
(51, NULL, 'China'),
(52, NULL, 'Christmas Island'),
(53, NULL, 'Cocos (Keeling) Islands'),
(54, NULL, 'Colombia'),
(55, NULL, 'Comoros'),
(56, NULL, 'Congo'),
(57, NULL, 'Congo, The Democratic Republic Of The'),
(58, NULL, 'Cook Islands'),
(59, NULL, 'Costa Rica'),
(60, NULL, 'Cote D''Ivoire'),
(61, NULL, 'Croatia'),
(62, NULL, 'Cuba'),
(63, NULL, 'Cyprus'),
(64, NULL, 'Czech Republic'),
(65, NULL, 'Denmark'),
(66, NULL, 'Djibouti'),
(67, NULL, 'Dominica'),
(68, NULL, 'Dominican Republic'),
(69, NULL, 'Ecuador'),
(70, NULL, 'Egypt'),
(71, NULL, 'El Salvador'),
(72, NULL, 'Equatorial Guinea'),
(73, NULL, 'Eritrea'),
(74, NULL, 'Estonia'),
(75, NULL, 'Ethiopia'),
(76, NULL, 'European Union'),
(77, NULL, 'Falkland Islands (Malvinas)'),
(78, NULL, 'Faroe Islands'),
(79, NULL, 'Fiji'),
(80, NULL, 'Finland'),
(81, NULL, 'France'),
(82, NULL, 'French Guiana'),
(83, NULL, 'French Polynesia'),
(84, NULL, 'French Southern Territories'),
(85, NULL, 'Gabon'),
(86, NULL, 'Gambia'),
(87, NULL, 'Georgia'),
(88, 4, 'Germany'),
(89, NULL, 'Ghana'),
(90, NULL, 'Gibraltar'),
(91, NULL, 'Greece'),
(92, NULL, 'Greenland'),
(93, NULL, 'Grenada'),
(94, NULL, 'Guadeloupe'),
(95, NULL, 'Guam'),
(96, NULL, 'Guatemala'),
(97, NULL, 'Guinea'),
(98, NULL, 'Guinea-Bissau'),
(99, NULL, 'Guyana'),
(100, NULL, 'Haiti'),
(101, NULL, 'Heard Island and McDonald Islands'),
(102, NULL, 'Holy See (Vatican City State)'),
(103, NULL, 'Honduras'),
(104, NULL, 'Hong Kong'),
(105, NULL, 'Hungary'),
(106, NULL, 'Iceland'),
(107, NULL, 'India'),
(108, NULL, 'Indonesia'),
(109, NULL, 'Iran, (Islamic Republic Of)'),
(110, NULL, 'Iraq'),
(111, NULL, 'Ireland'),
(112, NULL, 'Israel'),
(113, NULL, 'Italy'),
(114, NULL, 'Jamaica'),
(115, NULL, 'Japan'),
(116, NULL, 'Jordan'),
(117, NULL, 'Kazakhstan'),
(118, NULL, 'Kenya'),
(119, NULL, 'Kiribati'),
(120, NULL, 'Korea, Democratic People''S Republic Of'),
(121, NULL, 'Korea, Republic Of'),
(122, NULL, 'Kuwait'),
(123, NULL, 'Kyrgyzstan'),
(124, NULL, 'Lao People''s Democratic Republic'),
(125, NULL, 'Latvia'),
(126, NULL, 'Lebanon'),
(127, NULL, 'Lesotho'),
(128, NULL, 'Liberia'),
(129, NULL, 'Libyan Arab Jamahiriya'),
(130, NULL, 'Liechtenstein'),
(131, NULL, 'Lithuania'),
(132, NULL, 'Luxembourg'),
(133, NULL, 'Macao'),
(134, NULL, 'Macedonia, The Former Yugoslav Republic of'),
(135, NULL, 'Madagascar'),
(136, NULL, 'Malawi'),
(137, NULL, 'Malaysia'),
(138, NULL, 'Maldives'),
(139, NULL, 'Mali'),
(140, NULL, 'Malta'),
(141, NULL, 'Marshall Islands'),
(142, NULL, 'Martinique'),
(143, NULL, 'Mauritania'),
(144, NULL, 'Mauritius'),
(145, NULL, 'Mayotte'),
(146, NULL, 'Mexico'),
(147, NULL, 'Micronesia, Federated States of'),
(148, NULL, 'Moldova, Republic of'),
(149, NULL, 'Monaco'),
(150, NULL, 'Mongolia'),
(151, NULL, 'Montserrat'),
(152, NULL, 'Morocco'),
(153, NULL, 'Mozambique'),
(154, NULL, 'Myanmar'),
(155, NULL, 'Namibia'),
(156, NULL, 'Nauru'),
(157, NULL, 'Nepal'),
(158, NULL, 'Netherlands'),
(159, NULL, 'Netherlands Antilles'),
(160, NULL, 'New Caledonia'),
(161, NULL, 'New Zealand'),
(162, NULL, 'Nicaragua'),
(163, NULL, 'Niger'),
(164, NULL, 'Nigeria'),
(165, NULL, 'Niue'),
(166, NULL, 'Norfolk Island'),
(167, NULL, 'Northern Mariana Islands'),
(168, NULL, 'Norway'),
(169, NULL, 'Oman'),
(170, NULL, 'Pakistan'),
(171, NULL, 'Palau'),
(172, NULL, 'Palestinian Territory, Occupied'),
(173, NULL, 'Panama'),
(174, NULL, 'Papua New Guinea'),
(175, NULL, 'Paraguay'),
(176, NULL, 'Peru'),
(177, NULL, 'Philippines'),
(178, NULL, 'Pitcairn'),
(179, NULL, 'Poland'),
(180, NULL, 'Portugal'),
(181, NULL, 'Puerto Rico'),
(182, NULL, 'Qatar'),
(183, NULL, 'Reunion'),
(184, NULL, 'Romania'),
(185, NULL, 'Russian Federation'),
(186, NULL, 'Rwanda'),
(187, NULL, 'Saint Helena'),
(188, NULL, 'Saint Kitts and Nevis'),
(189, NULL, 'Saint Lucia'),
(190, NULL, 'Saint Pierre and Miquelon'),
(191, NULL, 'Saint Vincent and the Grenadines'),
(192, NULL, 'Samoa'),
(193, NULL, 'San Marino'),
(194, NULL, 'Sao Tome and Principe'),
(195, NULL, 'Saudi Arabia'),
(196, NULL, 'Senegal'),
(197, NULL, 'Serbia and Montenegro (Yugoslavia)'),
(198, NULL, 'Seychelles'),
(199, NULL, 'Sierra Leone'),
(200, NULL, 'Singapore'),
(201, NULL, 'Slovakia'),
(202, NULL, 'Slovenia'),
(203, NULL, 'Solomon Islands'),
(204, NULL, 'Somalia'),
(205, NULL, 'South Africa'),
(206, NULL, 'South Georgia and the South Sandwich Islands'),
(207, NULL, 'Spain'),
(208, NULL, 'Sri Lanka'),
(209, NULL, 'Sudan'),
(210, NULL, 'Suriname'),
(211, NULL, 'Svalbard and Jan Mayen'),
(212, NULL, 'Swaziland'),
(213, NULL, 'Sweden'),
(214, NULL, 'Switzerland'),
(215, NULL, 'Syrian Arab Republic'),
(216, NULL, 'Taiwan, Province of China'),
(217, NULL, 'Tajikistan'),
(218, NULL, 'Tanzania, United Republic of'),
(219, NULL, 'Thailand'),
(220, NULL, 'Timor-leste'),
(221, NULL, 'Togo'),
(222, NULL, 'Tokelau'),
(223, NULL, 'Tonga'),
(224, NULL, 'Trinidad AND TOBAGO'),
(225, NULL, 'Tunisia'),
(226, NULL, 'Turkey'),
(227, NULL, 'Turkmenistan'),
(228, NULL, 'Turks and Caicos Islands'),
(229, NULL, 'Tuvalu'),
(230, NULL, 'Uganda'),
(231, NULL, 'Ukraine'),
(232, NULL, 'United Arab Emirates'),
(233, NULL, 'United Kingdom'),
(234, NULL, 'United States'),
(235, NULL, 'United States Minor Outlying Islands'),
(236, NULL, 'Uruguay'),
(237, NULL, 'Uzbekistan'),
(238, NULL, 'Vanuatu'),
(239, NULL, 'Venezuela'),
(240, NULL, 'Viet Nam'),
(241, NULL, 'Virgin Islands, British'),
(242, NULL, 'Virgin Islands, U.S.'),
(243, NULL, 'Wallis and Futuna'),
(244, NULL, 'Western Sahara'),
(245, NULL, 'Yemen'),
(246, NULL, 'Zambia'),
(247, NULL, 'Zimbabwe'),
(248, 88, 'North'),
(249, 88, 'West'),
(250, 88, 'Southwest'),
(251, 88, 'Southeast'),
(252, 250, 'Baden-Wuerttemberg'),
(253, 251, 'Bavaria'),
(254, 248, 'Berlin'),
(255, 248, 'Brandenburg'),
(256, 248, 'Bremen'),
(257, 248, 'Hamburg'),
(258, 250, 'Hesse'),
(259, 248, 'Lower Saxony'),
(260, 248, 'Mecklenburg-Western Pomerania'),
(261, 249, 'North Rhine-Westphalia'),
(262, 250, 'Rhineland-Palatinate'),
(263, 250, 'Saarland'),
(264, 251, 'Saxony'),
(265, 248, 'Saxony-Anhalt'),
(266, 248, 'Schleswig-Holstein'),
(267, 251, 'Thuringia'),
(268, 258, 'Darmstadt'),
(269, 258, 'Frankfurt'),
(270, 258, 'Gießen'),
(271, 258, 'Kassel');

INSERT INTO bbstatstest.Continents (`id`, `iso_code`) VALUES
(1, 'AF'),
(2, 'AN'),
(3, 'AS'),
(4, 'EU'),
(5, 'NA'),
(6, 'OC'),
(7, 'SA');

INSERT INTO bbstatstest.Countries (`id`, `iso_code`, `iso_nbr`) VALUES
(  8, 'AF', '004'),
(  9, 'AL', '008'),
( 10, 'DZ', '012'),
( 11, 'AS', '016'),
( 12, 'AD', '020'),
( 13, 'AO', '024'),
( 14, 'AI', '660'),
( 16, 'AG', '028'),
( 17, 'AR', '032'),
( 18, 'AM', '051'),
( 19, 'AW', '533'),
( 20, 'AU', '036'),
( 21, 'AT', '040'),
( 22, 'AZ', '031'),
( 23, 'BS', '044'),
( 24, 'BH', '048'),
( 25, 'BD', '050'),
( 26, 'BB', '052'),
( 27, 'BY', '112'),
( 28, 'BE', '056'),
( 29, 'BZ', '084'),
( 30, 'BJ', '204'),
( 31, 'BM', '060'),
( 32, 'BT', '064'),
( 33, 'BO', '068'),
( 34, 'BA', '070'),
( 35, 'BW', '072'),
( 36, 'BV', '074'),
( 37, 'BR', '076'),
( 38, 'IO', '086'),
( 39, 'BN', '096'),
( 40, 'BG', '100'),
( 41, 'BF', '854'),
( 42, 'BI', '108'),
( 43, 'KH', '116'),
( 44, 'CM', '120'),
( 45, 'CA', '124'),
( 46, 'CV', '132'),
( 47, 'KY', '136'),
( 48, 'CF', '140'),
( 49, 'TD', '148'),
( 50, 'CL', '152'),
( 51, 'CN', '156'),
( 52, 'CX', '162'),
( 53, 'CC', '166'),
( 54, 'CO', '170'),
( 55, 'KM', '174'),
( 56, 'CG', '178'),
( 57, 'CD', '180'),
( 58, 'CK', '184'),
( 59, 'CR', '188'),
( 60, 'CI', '384'),
( 61, 'HR', '191'),
( 62, 'CU', '192'),
( 63, 'CY', '196'),
( 64, 'CZ', '203'),
( 65, 'DK', '208'),
( 66, 'DJ', '262'),
( 67, 'DM', '212'),
( 68, 'DO', '214'),
( 69, 'EC', '218'),
( 70, 'EG', '818'),
( 71, 'SV', '222'),
( 72, 'GQ', '226'),
( 73, 'ER', '232'),
( 74, 'EE', '233'),
( 75, 'ET', '231'),
( 77, 'FK', '238'),
( 78, 'FO', '234'),
( 79, 'FJ', '242'),
( 80, 'FI', '246'),
( 81, 'FR', '250'),
( 82, 'GF', '254'),
( 83, 'PF', '258'),
( 84, 'TF', '260'),
( 85, 'GA', '266'),
( 86, 'GM', '270'),
( 87, 'GE', '268'),
( 88, 'DE', '276'),
( 89, 'GH', '288'),
( 90, 'GI', '292'),
( 91, 'GR', '300'),
( 92, 'GL', '304'),
( 93, 'GD', '308'),
( 94, 'GP', '312'),
( 95, 'GU', '316'),
( 96, 'GT', '320'),
( 97, 'GN', '324'),
( 98, 'GW', '624'),
( 99, 'GY', '328'),
(100, 'HT', '332'),
(101, 'HM', '334'),
(102, 'VA', '336'),
(103, 'HN', '340'),
(104, 'HK', '344'),
(105, 'HU', '348'),
(106, 'IS', '352'),
(107, 'IN', '356'),
(108, 'ID', '360'),
(109, 'IR', '364'),
(110, 'IQ', '368'),
(111, 'IE', '372'),
(112, 'IL', '376'),
(113, 'IT', '380'),
(114, 'JM', '388'),
(115, 'JP', '392'),
(116, 'JO', '400'),
(117, 'KZ', '398'),
(118, 'KE', '404'),
(119, 'KI', '296'),
(120, 'KP', '408'),
(121, 'KR', '410'),
(122, 'KW', '414'),
(123, 'KG', '417'),
(124, 'LA', '418'),
(125, 'LV', '428'),
(126, 'LB', '422'),
(127, 'LS', '426'),
(128, 'LR', '430'),
(129, 'LY', '434'),
(130, 'LI', '438'),
(131, 'LT', '440'),
(132, 'LU', '442'),
(133, 'MO', '446'),
(134, 'MK', '807'),
(135, 'MG', '450'),
(136, 'MW', '454'),
(137, 'MY', '458'),
(138, 'MV', '462'),
(139, 'ML', '466'),
(140, 'MT', '470'),
(141, 'MH', '584'),
(142, 'MQ', '474'),
(143, 'MR', '478'),
(144, 'MU', '480'),
(145, 'YT', '175'),
(146, 'MX', '484'),
(147, 'FM', '583'),
(148, 'MD', '498'),
(149, 'MC', '492'),
(150, 'MN', '496'),
(151, 'MS', '500'),
(152, 'MA', '504'),
(153, 'MZ', '508'),
(154, 'MM', '104'),
(155, 'NA', '516'),
(156, 'NR', '520'),
(157, 'NP', '524'),
(158, 'NL', '528'),
(159, 'AN', '530'),
(160, 'NC', '540'),
(161, 'NZ', '554'),
(162, 'NI', '558'),
(163, 'NE', '562'),
(164, 'NG', '566'),
(165, 'NU', '570'),
(166, 'NF', '574'),
(167, 'MP', '580'),
(168, 'NO', '578'),
(169, 'OM', '512'),
(170, 'PK', '586'),
(171, 'PW', '585'),
(172, 'PS', '275'),
(173, 'PA', '591'),
(174, 'PG', '598'),
(175, 'PY', '600'),
(176, 'PE', '604'),
(177, 'PH', '608'),
(178, 'PN', '612'),
(179, 'PL', '616'),
(180, 'PT', '620'),
(181, 'PR', '630'),
(182, 'QA', '634'),
(183, 'RE', '638'),
(184, 'RO', '642'),
(185, 'RU', '643'),
(186, 'RW', '646'),
(187, 'SH', '654'),
(188, 'KN', '659'),
(189, 'LC', '662'),
(190, 'PM', '666'),
(191, 'VC', '670'),
(192, 'WS', '882'),
(193, 'SM', '674'),
(194, 'ST', '678'),
(195, 'SA', '682'),
(196, 'SN', '686'),
(198, 'SC', '690'),
(199, 'SL', '694'),
(200, 'SG', '702'),
(201, 'SK', '703'),
(202, 'SI', '705'),
(203, 'SB', '090'),
(204, 'SO', '706'),
(205, 'ZA', '710'),
(206, 'GS', '239'),
(207, 'ES', '724'),
(208, 'LK', '144'),
(209, 'SD', '736'),
(210, 'SR', '740'),
(211, 'SJ', '744'),
(212, 'SZ', '748'),
(213, 'SE', '752'),
(214, 'CH', '756'),
(215, 'SY', '760'),
(216, 'TW', '158'),
(217, 'TJ', '762'),
(218, 'TZ', '834'),
(219, 'TH', '764'),
(220, 'TL', '626'),
(221, 'TG', '768'),
(222, 'TK', '772'),
(223, 'TO', '776'),
(224, 'TT', '780'),
(225, 'TN', '788'),
(226, 'TR', '792'),
(227, 'TM', '795'),
(228, 'TC', '796'),
(229, 'TV', '798'),
(230, 'UG', '800'),
(231, 'UA', '804'),
(232, 'AE', '784'),
(233, 'GB', '826'),
(234, 'US', '840'),
(235, 'UM', '581'),
(236, 'UY', '858'),
(237, 'UZ', '860'),
(238, 'VU', '548'),
(239, 'VE', '862'),
(240, 'VN', '704'),
(241, 'VG', '092'),
(242, 'VI', '850'),
(243, 'WF', '876'),
(244, 'EH', '732'),
(245, 'YE', '887'),
(246, 'ZM', '894'),
(247, 'ZW', '716');

INSERT INTO bbstatstest.Districts (`id`) VALUES
(268),
(269),
(270),
(271);

INSERT INTO bbstatstest.Regions (`id`) VALUES
(248),
(249),
(250),
(251);

INSERT INTO bbstatstest.States (`id`, `country_code`, `iso_code`) VALUES
(252, 'DE', 'BW'),
(253, 'DE', 'BY'),
(254, 'DE', 'BE'),
(255, 'DE', 'BB'),
(256, 'DE', 'HB'),
(257, 'DE', 'HH'),
(258, 'DE', 'HE'),
(259, 'DE', 'NI'),
(260, 'DE', 'MV'),
(261, 'DE', 'NW'),
(262, 'DE', 'RP'),
(263, 'DE', 'SL'),
(264, 'DE', 'SN'),
(265, 'DE', 'ST'),
(266, 'DE', 'SH'),
(267, 'DE', 'TH');

UPDATE bbstatstest.GeoContexts SET type = 'COUNTRY' WHERE id >= 8 AND id <= 247;
UPDATE bbstatstest.GeoContexts SET type = 'REGION' WHERE id >= 248 AND id <= 251;
UPDATE bbstatstest.GeoContexts SET type = 'STATE' WHERE id >= 252 AND id <= 267;
UPDATE bbstatstest.GeoContexts SET type = 'DISTRICT' WHERE id >= 268 AND id <= 271;

-- -----------------------------------------------------
-- Data for table `Seasons`
-- -----------------------------------------------------
INSERT INTO bbstatstest.Seasons (`start_year`) VALUES
(2001),
(2002),
(2003),
(2019),
(2020);


-- -----------------------------------------------------
-- Data for table `Contacts`
-- -----------------------------------------------------
INSERT INTO bbstatstest.Contacts (id, type) VALUES
(1,'P'),
(2,'P'),
(3,'P'),
(4,'P'),
(5,'P'),
(6,'P'),
(7,'P'),
(8,'P'),
(9,'P'),
(10,'P'),
(11,'P'),
(12,'P'),
(13,'P'),
(14,'P'),
(15,'P'),
(16,'P'),
(17,'P'),
(18,'P'),
(19,'P'),
(20,'P'),
(21,'P'),
(22,'P'),
(23,'P'),
(24,'P'),
(25,'P'),
(26,'P'),
(99,'P'),
(101,'C'),
(102,'C'),
(103,'C'),
(104,'C'),
(105,'C'),
(106,'C'),
(107,'C'),
(108,'C'),
(109,'C'),
(110,'C'),
(111,'C'),
(112,'C'),
(113,'C'),
(114,'C'),
(115,'C'),
(116,'C'),
(117,'C'),
(118,'C'),
(119,'C'),
(120,'C'),
(121,'C'),
(122,'C'),
(123,'C'),
(124,'C'),
(125,'C'),
(126,'C'),
(127,'C'),
(201,'A'),
(202,'A'),
(203,'A'),
(204,'A'),
(205,'A'),
(206,'A'),
(207,'A'),
(208,'A'),
(209,'A'),
(210,'A'),
(211,'A'),
(212,'A'),
(213,'A'),
(214,'A'),
(215,'A'),
(216,'A'),
(217,'A'),
(218,'A'),
(219,'A'),
(220,'A'),
(221,'A'),
(222,'A'),
(223,'A'),
(224,'A'),
(225,'A'),
(226,'A'),
(227,'A'),
(228,'A'),
(229,'A'),
(230,'A'),
(231,'A'),
(232,'A'),
(233,'A'),
(234,'A'),
(235,'A'),
(240,'C'),
(241,'C'),
(242,'C'),
(243,'C'),
(244,'C'),
(245,'P'),
(246,'P'),
(247,'P'),
(248,'P'),
(249,'P'),
(250,'P'),
(251,'P'),
(252,'P'),
(253,'P'),
(254,'P'),
(255,'P'),
(256,'P'),
(257,'P'),
(258,'P'),
(259,'P'),
(260,'A'),
(262,'A'),
(263,'A'),
(264,'A'),
(265,'A'),
(266,'A'),
(267,'A'),
(269,'A'),
(271,'A'),
(272,'A'),
(273,'A'),
(274,'A'),
(275,'A'),
(276,'A'),
(277,'A'),
(278,'A'),
(279,'A'),
(280,'A'),
(281,'A'),
(282,'A'),
(283,'A'),
(284,'A'),
(286,'A'),
(288,'A'),
(289,'A'),
(290,'A'),
(291,'A'),
(292,'A'),
(293,'A'),
(294,'A'),
(295,'A'),
(297,'A'),
(298,'A'),
(299,'A'),
(300,'A'),
(301,'A'),
(302,'A'),
(303,'A'),
(304,'A'),
(305,'A'),
(306,'A'),
(307,'A'),
(308,'A'),
(309,'A'),
(310,'A'),
(311,'A'),
(313,'A'),
(315,'A'),
(316,'A'),
(317,'A'),
(318,'A'),
(319,'A'),
(320,'A'),
(322,'A'),
(323,'A'),
(324,'A'),
(325,'A'),
(326,'A'),
(327,'C'),
(329,'C'),
(330,'C'),
(331,'C'),
(332,'C'),
(333,'C'),
(334,'C'),
(335,'C'),
(336,'A'),
(337,'C'),
(338,'C'),
(339,'A'),
(340,'C'),
(341,'C'),
(342,'C'),
(343,'C'),
(344,'C'),
(345,'C');


-- -----------------------------------------------------
-- Data for table `Clubs`
-- -----------------------------------------------------
INSERT INTO bbstatstest.Clubs (`id`, `district_id`, `color_name`, `name`, `code`, `website_url`, `logo`) VALUES
(101,268,NULL,'TV Dieburg','DIEB','https://dieburg-blues.club/',NULL),
(102,268,NULL,'TV Babenhausen','BABH','https://www.tvb-basketball.de/',NULL),
(103,268,NULL,'TSV Ginsheim','GINS','https://www.tsv-ginsheim.de/index.php/sportangebot/freizeitsport',NULL),
(104,268,NULL,'TV Groß-Umstadt','GRUM','http://www.tv-gross-umstadt.de/basketball/',NULL),
(105,268,NULL,'TV Schaafheim','SCHA',NULL,NULL),
(106,268,NULL,'SV Darmstadt 98','SVDA','https://www.sv98-basketball.de/',NULL),
(107,268,NULL,'ÜSC Wald-Michelbach','WAMI','https://www.uesc-waldmichelbach.de/uesc/?page_id=18',NULL),
(108,268,NULL,'VfL Bensheim','BENS','https://vfl-basketball.de/',NULL),
(109,268,NULL,'DISBU Rüsselsheim','DISB','http://www.disbu.de/basketball/basketball.htm',NULL),
(110,268,NULL,'TG Rüsselsheim','TGRS','https://www.tg-basketball.de/',NULL),
(111,268,NULL,'FSV Zotzenbach','ZOTZ','https://www.tg-rimbach.de/index.php/basketball',NULL),
(112,268,NULL,'SC Bergstraße','BERG','https://www.sc-bergstrasse.de/de/basketball-startseite',NULL),
(113,268,NULL,'BG Mühltal','MÜHL','http://bg-muehltal.blogspot.com/',NULL),
(114,268,NULL,'BC Wiesbaden','BCWI','http://www.bcwiesbaden.de/',NULL),
(115,268,NULL,'TV Langen','TVLA','https://langen-basketball.de/',NULL),
(116,268,NULL,'BC Darmstadt','BCDA','https://www.bc-darmstadt.de/',NULL),
(117,268,NULL,'TG Hochheim','HOCH','https://www.tghochheim.de/index.php/abteilungen/abtlbasketball',NULL),
(118,268,NULL,'TV Heppenheim','TVHP','https://basketball-heppenheim.de/',NULL),
(119,268,NULL,'TV Bad Schwalbach','SWAB','https://www.tv-badschwalbach.de/',NULL),
(120,268,NULL,'SG Weiterstadt','SGWE','https://basketball-weiterstadt.de/',NULL),
(121,268,NULL,'TV Groß-Gerau','TVGG','https://www.tvgg-basketball.de/',NULL),
(122,268,NULL,'BG Ober-Ramstadt','BGOR','https://www.bg-oberramstadt.de/',NULL),
(123,268,NULL,'SV Dreieichenhain','DRHN','https://www.sv-dreieichenhain.de/abteilungen/basketball/',NULL),
(124,268,NULL,'SKG Roßdorf','SKGR','http://www.rossdorf-torros.de/',NULL),
(125,268,NULL,'SKG Wallerstädten','WAST','http://basketball.skg-wallerstaedten.de/',NULL),
(126,268,NULL,'SSV Geisenheim','GEIS','http://www.saintsbasketball.de/',NULL),
(127,268,NULL,'MTV Urberach','MTVU','http://www.mtv-urberach.de/abteilungen/basketball/index_basketba',NULL),
(240,268,NULL,'LSV Wiesbaden','LSWI',NULL,NULL),
(241,268,NULL,'TV Trebur','TREB',NULL,NULL),
(242,268,NULL,'BC Helios Darmstadt','HELI',NULL,NULL),
(243,268,NULL,'TV Eberstadt','EBER',NULL,NULL),
(244,268,NULL,'TSV Gernsheim','GERN',NULL,NULL),
(327,268,NULL,'BAS Darmstadt','BASD',NULL,NULL),
(329,268,NULL,'BSC Einhausen','EINH',NULL,NULL),
(330,268,NULL,'TV Hahn','HAHN','https://www.tvhahn.de/sportangebot/ballsport/',NULL),
(331,268,NULL,'BC Odenwald Dragons','DRAG',NULL,NULL),
(332,268,NULL,'FSV Hellas Schierstein','HELL','https://fsvhellas1968.com/basketball.html',NULL),
(333,268,NULL,'TV Münster','MÜNS','http://www.tv-muenster.de/',NULL),
(334,268,NULL,'TG Naurod','NAUR','https://www.tg-naurod.de/cms/index.php/34-basketball',NULL),
(335,268,NULL,'DJK / SCC Pfungstadt','SCCP',NULL,NULL),
(337,268,NULL,'SV Taunusstein-Neuhof','TAUN',NULL,NULL),
(338,268,NULL,'TG Biblis','TGBI',NULL,NULL),
(340,268,NULL,'TuS Griesheim','TUSG','https://www.tusgriesheim.de/index.php?option=com_content&view=ar',NULL),
(341,268,NULL,'TGS Walldorf','TGSW','https://www.tgs-baskets.de/',NULL),
(342,268,NULL,'TV Nauheim','TVNH',NULL,NULL),
(343,268,NULL,'SG Walldorf Astoria ','WALL',NULL,NULL),
(344,268,NULL,'SKG Stockstadt','STOK',NULL,NULL),
(345,268,NULL,'TV Zeilhard','ZEIL',NULL,NULL);

-- -----------------------------------------------------
-- Data for table `Arenas`
-- -----------------------------------------------------
INSERT INTO bbstatstest.Arenas (`id`, `name`, `capacity`) VALUES
(201,'Schlossgartenhalle',NULL),
(202,'FH Telekom Halle',NULL),
(203,'ABC-Halle',NULL),
(204,'Marienhalle',NULL),
(205,'Joachim-Schumann-Schule',NULL),
(206,'Albert-Schweitzer-Schule',NULL),
(207,'Ernst-Reuter-Halle',NULL),
(208,'Welzbachhalle',NULL),
(209,'Sporthalle Mornewegschule',NULL),
(210,'Großraumsporthalle',NULL),
(211,'AKG-Sporthalle',NULL),
(212,'Alexander-von-Humboldt-Schule',NULL),
(213,'Trommhalle',NULL),
(214,'Schuldorf Bergstraße, Gr. Halle',NULL),
(215,'Kreissporthalle am Pfaffenberg',NULL),
(216,'Heinrich-Klein-Halle',NULL),
(217,'Dreieich-Gymnasium alt',NULL),
(218,'Sportzentrum Orpheum',NULL),
(219,'Heinrich-von-Brentano-Schule',NULL),
(220,'Nibelungenhalle',NULL),
(221,'Wiedbachschule',NULL),
(222,'Schuldorf Bergstraße, Kl. Halle',NULL),
(223,'Camp Lindsey',NULL),
(224,'Dr.-Horst-Schmidt-Halle',NULL),
(225,'Sporthalle Gräfenhausen',NULL),
(226,'Ballsporthalle',NULL),
(227,'Albert-Faulstroh-Halle',NULL),
(228,'Goethegymnasium',NULL),
(229,'Weibelfeldschule',NULL),
(230,'Günther-Kreisel-Halle',NULL),
(231,'Sporthalle Wallerstädten',NULL),
(232,'St.-Ursula-Schule',NULL),
(233,'Georg-Sehring-Halle',1000),
(234,'MTV Sporthalle',NULL),
(235,'Zweifeldhalle an der Gutenbergschule',NULL),
(260,'Großsporthalle Erzhausen',NULL),
(262,'Adam-Danz-Halle',NULL),
(263,'Großsporthalle Ober-Ramstadt',NULL),
(264,'Zahlwaldhalle',NULL),
(265,'Dreieich-Gymnasium neu',NULL),
(266,'Sporthalle Max-Eyth-Schule',NULL),
(267,'Halle an der Düne',NULL),
(269,'Rehberghalle',NULL),
(271,'Schulsporthalle des AKG',NULL),
(272,'Theresianum Mainz',NULL),
(273,'Hans-Meudt-Halle',NULL),
(274,'Bessunger Schule',NULL),
(275,'Hochschulsporthalle',NULL),
(276,'Halle Berufsschulzentrum Bürgerpark Nord',NULL),
(277,'Kasinohalle',NULL),
(278,'Gutenbergschule',NULL),
(279,'Großsporthalle Pfungstadt',NULL),
(280,'Sporthalle Friedrich-Ebert-Schule',NULL),
(281,'Großsporthalle Griesheim',NULL),
(282,'Kirschberghalle',NULL),
(283,'Mehrzweckhalle Spachbrücken',NULL),
(284,'Sporthalle am Hirschberg',NULL),
(286,'TSV-Turnhalle',NULL),
(288,'Bertha-von-Suttner-Schule',NULL),
(289,'Sporthalle TGS Walldorf',NULL),
(290,'Kreissporthalle Gernsheim',NULL),
(291,'Nibelungenland-Halle',NULL),
(292,'Martin-Buber-Halle',NULL),
(293,'Starkenburggymnasium',NULL),
(294,'Odenwaldhalle',NULL),
(295,'Sepp-Herberger-Halle',NULL),
(297,'Sporthalle Dilthey- / Leibniz-Schule',NULL),
(298,'Dyckerhoff-Halle',NULL),
(299,'Internationale Schule',NULL),
(300,'Kellerskopfhalle',NULL),
(301,'Gesamtschule Obere Aar',NULL),
(302,'Jahnhalle',NULL),
(303,'Stadtsporthalle / Georg-Hofmann-Halle',NULL),
(304,'Sport- und Kulturhalle Massenheim',NULL),
(305,'Walter-Köbel-Sporthalle / Großsporthalle',NULL),
(306,'Hasengrundhalle',NULL),
(307,'Sporthalle Dicker Busch',NULL),
(308,'Kreissporthalle Trebur',NULL),
(309,'Sporthalle Astheim',NULL),
(310,'Adam-Karrilon-Schule',NULL),
(311,'Überwald-Gymnasium',NULL),
(313,'Hirtengrundhalle',NULL),
(315,'Georg-Schad-Halle',NULL),
(316,'Turnhalle am Gymnasium Gernsheim',NULL),
(317,'Sporthalle Stockstadt',NULL),
(318,'Theodor-Litt-Schule',NULL),
(319,'John-F.-Kennedy-Halle',NULL),
(320,'Sporthalle Klarenthal',NULL),
(322,'Pfaffenau-Halle',NULL),
(323,'Sporthalle der Ludwig-Erk-Schule',NULL),
(324,'Erich-Kästner-Schule',NULL),
(325,'Stadtteilschule DA-Arheilgen',NULL),
(326,'Halle der Walldorfschule',NULL),
(336,'Aartalhalle',NULL),
(339,'Großsporthalle Rüsselsheim',NULL);

-- -----------------------------------------------------
-- Data for table `Persons`
-- -----------------------------------------------------
INSERT INTO bbstatstest.Persons (`id`, `first_name`, `last_name`, `gender`, `birth_date`, `is_incognito`) VALUES
(1,'Karsten','Wutzke','MALE','1976-03-03',0),
(2,'Johannes','Loczewski','MALE','1975-09-14',0),
(3,'Ahmed','Al-Thiab','MALE',NULL,0),
(4,'Stefan','Antalovics','MALE',NULL,0),
(5,'Daniel','Bertram','MALE',NULL,0),
(6,'Johannes','Fischer','MALE',NULL,0),
(7,'Michael','Krause','MALE',NULL,0),
(8,'Patrick','Mahr','MALE',NULL,0),
(9,'Joann','Schmid','MALE',NULL,0),
(10,'Michael','Weber','MALE',NULL,0),
(11,'Sebastian','Zohren','MALE',NULL,0),
(12,'Harald','Pohl','MALE',NULL,0),
(13,'Jesko','von Scheliha','MALE',NULL,0),
(14,'Benjamin','Stumpf','MALE',NULL,0),
(15,'Filmon','Berhane','MALE',NULL,0),
(16,'Tobias','Dörfler','MALE',NULL,0),
(17,'Kai','Weber','MALE',NULL,0),
(18,'Olivier','Salekwonang','MALE',NULL,0),
(19,'Joseph','Berhane','MALE',NULL,0),
(20,'Christian','Attina','MALE',NULL,0),
(21,'Florian','Klein','MALE',NULL,0),
(22,'Marco','Müller','MALE',NULL,0),
(23,'Martin','Sauer','MALE',NULL,0),
(24,'Benjamin','Kolloch','MALE',NULL,0),
(25,'Phillip','Zohren','MALE',NULL,0),
(26,'Sebastian','Gottschalk','MALE',NULL,0),
(99,'Testvorname','Testnachname','MALE',NULL,0),
(245,'Tobias','Hofer','MALE',NULL,0),
(246,'Lukas','Grünberg','MALE',NULL,0),
(247,'Florian','Busch','MALE',NULL,0),
(248,'Sebastian','Fenn','MALE',NULL,0),
(249,'Matthias','Ludwig','MALE',NULL,0),
(250,'Philipp','Borowko','MALE',NULL,0),
(251,'Jonas','Kinz','MALE',NULL,0),
(252,'Joel','Marthaler','MALE',NULL,0),
(253,'Dennis','Kasdorf','MALE',NULL,0),
(254,'Steffen','von der Lühe','MALE',NULL,0),
(255,'Linus','Margerie','MALE',NULL,0),
(256,'Eyüp','Sirin','MALE',NULL,0),
(257,'Chao','Yang','MALE',NULL,0),
(258,'Basharat','Ahmad','MALE',NULL,0),
(259,'Daniel','Hitzel','MALE',NULL,0);

-- -----------------------------------------------------
-- Data for table `Referees`
-- -----------------------------------------------------
INSERT INTO bbstatstest.Referees (`id`, `license_nbr`) VALUES
( 1, '33161'),
( 5, NULL),
( 7, NULL),
(11, NULL),
(12, NULL),
(20, NULL),
(25, NULL),
(246,NULL),
(250,NULL);

-- -----------------------------------------------------
-- Data for table `Coaches`
-- -----------------------------------------------------
INSERT INTO bbstatstest.Coaches (`id`, `license_nbr`) VALUES
(7, 'CKRAUS'),
(12, 'B1607'),
(245,NULL),
(246,NULL);


-- -----------------------------------------------------
-- Data for table `Players`
-- -----------------------------------------------------
INSERT INTO bbstatstest.Players (`id`, `registration_nbr`) VALUES
( 1, '029'),
( 2, '032'),
( 3, NULL),
( 4, '062'),
( 5, '052'),
( 6, '075'),
( 7, '026'),
( 8, '054'),
( 9, '025'),
(10, '062'),
(11, '040'),
(13, '010'),
(14, '034'),
(15, '024'),
(16, '038'),
(17, '022'),
(18, '041'),
(19, '030'),
(20, '031'),
(21, '024'),
(22, '043'),
(23, '030'),
(24, '062'),
(25, '029'),
(26, '043'),
(245,NULL),
(246,NULL),
(247,NULL),
(248,NULL),
(249,NULL),
(250,NULL),
(251,NULL),
(252,NULL),
(253,NULL),
(254,NULL),
(255,NULL),
(256,NULL),
(257,NULL),
(258,NULL),
(259,NULL)
;

-- -----------------------------------------------------
-- Data for table `TeamTypes`
-- -----------------------------------------------------
INSERT INTO bbstatstest.TeamTypes (`code`, `age_group`, `gender`) VALUES
('O65M', 'O65', 'MALE'  ),
('O60M', 'O60', 'MALE'  ),
('O55M', 'O55', 'MALE'  ),
('O50M', 'O50', 'MALE'  ),
('O45M', 'O45', 'MALE'  ),
('O40M', 'O40', 'MALE'  ),
('O35M', 'O35', 'MALE'  ),
('O30M', 'O30', 'MALE'  ),
('O20M', 'O20', 'MALE'  ),
('U20M', 'U20', 'MALE'  ),
('U19M', 'U19', 'MALE'  ),
('U18M', 'U18', 'MALE'  ),
('U17M', 'U17', 'MALE'  ),
('U16M', 'U16', 'MALE'  ),
('U15M', 'U15', 'MALE'  ),
('U14M', 'U14', 'MALE'  ),
('U13M', 'U13', 'MALE'  ),
('U12M', 'U12', 'MALE'  ),
('U11M', 'U11', 'MALE'  ),
('U10M', 'U10', 'MALE'  ),
('U09M', 'U09', 'MALE'  ),
('U08M', 'U08', 'MALE'  ),

('O65F', 'O65', 'FEMALE'),
('O60F', 'O60', 'FEMALE'),
('O55F', 'O55', 'FEMALE'),
('O50F', 'O50', 'FEMALE'),
('O45F', 'O45', 'FEMALE'),
('O40F', 'O40', 'FEMALE'),
('O35F', 'O35', 'FEMALE'),
('O30F', 'O30', 'FEMALE'),
('O20F', 'O20', 'FEMALE'),
('U20F', 'U20', 'FEMALE'),
('U19F', 'U19', 'FEMALE'),
('U18F', 'U18', 'FEMALE'),
('U17F', 'U17', 'FEMALE'),
('U16F', 'U16', 'FEMALE'),
('U15F', 'U15', 'FEMALE'),
('U14F', 'U14', 'FEMALE'),
('U13F', 'U13', 'FEMALE'),
('U12F', 'U12', 'FEMALE'),
('U11F', 'U11', 'FEMALE'),
('U10F', 'U10', 'FEMALE'),
('U09F', 'U09', 'FEMALE'),
('U08F', 'U08', 'FEMALE'),

('O65X', 'O65', 'MIXED' ),
('O60X', 'O60', 'MIXED' ),
('O55X', 'O55', 'MIXED' ),
('O50X', 'O50', 'MIXED' ),
('O45X', 'O45', 'MIXED' ),
('O40X', 'O40', 'MIXED' ),
('O35X', 'O35', 'MIXED' ),
('O30X', 'O30', 'MIXED' ),
('O20X', 'O20', 'MIXED' ),
('U20X', 'U20', 'MIXED' ),
('U19X', 'U19', 'MIXED' ),
('U18X', 'U18', 'MIXED' ),
('U17X', 'U17', 'MIXED' ),
('U16X', 'U16', 'MIXED' ),
('U15X', 'U15', 'MIXED' ),
('U14X', 'U14', 'MIXED' ),
('U13X', 'U13', 'MIXED' ),
('U12X', 'U12', 'MIXED' ),
('U11X', 'U11', 'MIXED' ),
('U10X', 'U10', 'MIXED' ),
('U09X', 'U09', 'MIXED' ),
('U08X', 'U08', 'MIXED' );

-- -----------------------------------------------------
-- Data for table `Teams`
-- -----------------------------------------------------
INSERT INTO bbstatstest.Teams (`club_id`, `team_type_code`, `ordinal_nbr`) VALUES
(101,'O20M',1),
(101,'O20M',2),
(102,'O20M',1),
(102,'O20M',2),
(102,'O20M',3),
(103,'O20M',1),
(103,'O20M',2),
(104,'O20M',1),
(104,'O20M',2),
(105,'O20M',1),
(106,'O20M',1),
(106,'O20M',2),
(106,'O20M',3),
(107,'O20M',1),
(108,'O20M',1),
(108,'O20M',2),
(108,'O20M',3),
(109,'O20M',1),
(109,'O20M',2),
(110,'O20M',1),
(110,'O20M',2),
(111,'O20M',1),
(111,'O20M',2),
(112,'O20M',1),
(112,'O20M',2),
(112,'O20M',3),
(113,'O20M',2),
(114,'O20M',1),
(114,'O20M',2),
(114,'O20M',3),
(115,'O20M',1),
(115,'O20M',2),
(115,'O20M',3),
(115,'O20M',4),
(115,'O20M',5),
(116,'O20M',1),
(116,'O20M',2),
(116,'O20M',3),
(116,'O20M',4),
(116,'O20M',5),
(117,'O20M',1),
(117,'O20M',2),
(118,'O20M',1),
(118,'O20M',2),
(118,'O20M',3),
(119,'O20M',1),
(120,'O20M',1),
(120,'O20M',2),
(120,'O20M',3),
(121,'O20M',1),
(121,'O20M',2),
(122,'O20M',1),
(122,'O20M',2),
(122,'O20M',3),
(123,'O20M',1),
(123,'O20M',2),
(123,'O20M',3),
(124,'O20M',1),
(124,'O20M',2),
(124,'O20M',3),
(124,'O20M',4),
(124,'O20M',5),
(126,'O20M',1),
(126,'O20M',2),
(127,'O20M',1),
(240,'O20M',1),
(240,'O20M',2),
(241,'O20M',1),
(242,'O20M',1),
(243,'O20M',1),
(243,'O20M',2),
(244,'O20M',1),
(244,'O20M',2),
(331,'O20M',1),
(335,'O20M',1),
(335,'O20M',2);


-- -----------------------------------------------------
-- Data for table `Competitions`
-- -----------------------------------------------------
INSERT INTO bbstatstest.Competitions (`geo_context_id`, `type`, `team_type_code`, `level`) VALUES

( 88, 'REGULAR_SEASON', 'O20M', 1),
( 88, 'REGULAR_SEASON', 'O20M', 2),
( 88, 'REGULAR_SEASON', 'O20M', 3),

( 88, 'REGULAR_SEASON', 'O20F', 1),
( 88, 'REGULAR_SEASON', 'O20F', 2),

(248, 'REGULAR_SEASON', 'O20M', 1),
(248, 'REGULAR_SEASON', 'O20M', 2),
(249, 'REGULAR_SEASON', 'O20M', 1),
(249, 'REGULAR_SEASON', 'O20M', 2),
(250, 'REGULAR_SEASON', 'O20M', 1),
(250, 'REGULAR_SEASON', 'O20M', 2),
(251, 'REGULAR_SEASON', 'O20M', 1),
(251, 'REGULAR_SEASON', 'O20M', 2),

(258, 'REGULAR_SEASON', 'O20M', 1),
(258, 'REGULAR_SEASON', 'O20M', 2),

(268, 'REGULAR_SEASON', 'O20M', 1),
(268, 'REGULAR_SEASON', 'O20M', 2),
(268, 'REGULAR_SEASON', 'O20M', 3),
(268, 'REGULAR_SEASON', 'O20M', 4),

( 88, 'CUP'           , 'O20M', 1),
( 88, 'CUP'           , 'O20M', 2),
( 88, 'CUP'           , 'O20M', 3),
( 88, 'CUP'           , 'O20M', 4),
( 88, 'CUP'           , 'O20M', 5),
( 88, 'CUP'           , 'O20M', 6),
( 88, 'CUP'           , 'O20M', 7),
( 88, 'CUP'           , 'O20M', 8),

(268, 'CUP'           , 'O20M', 1),
(268, 'CUP'           , 'O20M', 2),
(268, 'CUP'           , 'O20M', 3),
(268, 'CUP'           , 'O20M', 4),
(268, 'CUP'           , 'O20M', 5),
(268, 'CUP'           , 'O20M', 6),

( 88, 'TOURNAMENT'    , 'O20M', 1); /* Supercup */


-- -----------------------------------------------------
-- Data for table `CompetitionLabels`
-- -----------------------------------------------------
INSERT INTO bbstatstest.CompetitionLabels (`geo_context_id`, `competition_type`, `team_type_code`, `competition_level`, `season_start_year`, `code`, `name`) VALUES

( 88, 'REGULAR_SEASON', 'O20M', 1, 1966, 'BBL'   , 'Basketball-Bundesliga'),
( 88, 'REGULAR_SEASON', 'O20M', 1, 1992, 'BBL'   , 'Veltins Basketball-Bundesliga'),
( 88, 'REGULAR_SEASON', 'O20M', 1, 1997, 'BBL'   , 'Basketball-Bundesliga'),
( 88, 'REGULAR_SEASON', 'O20M', 1, 2000, 'BBL'   , 's.Oliver Basketball-Bundesliga'),
( 88, 'REGULAR_SEASON', 'O20M', 1, 2003, 'BBL'   , 'Basketball-Bundesliga'),
( 88, 'REGULAR_SEASON', 'O20M', 1, 2009, 'BBL'   , 'Beko Basketball-Bundesliga'),
( 88, 'REGULAR_SEASON', 'O20M', 1, 2016, 'BBL'   , 'easyCredit Basketball-Bundesliga'),

( 88, 'REGULAR_SEASON', 'O20M', 2, 1966, NULL    , '2. Bundesliga'),
( 88, 'REGULAR_SEASON', 'O20M', 2, 2007, NULL    , 'ProA'),
( 88, 'REGULAR_SEASON', 'O20M', 2, 2018, NULL    , 'BARMER 2. Basketball-Bundesliga (ProA)'),
( 88, 'REGULAR_SEASON', 'O20M', 3, 1966, NULL    , '3. Bundesliga'),
( 88, 'REGULAR_SEASON', 'O20M', 3, 2007, NULL    , 'ProB'),
( 88, 'REGULAR_SEASON', 'O20M', 3, 2018, NULL    , 'BARMER 2. Basketball-Bundesliga (ProB)'),

( 88, 'REGULAR_SEASON', 'O20F', 1, 1966, 'DBBL'  , '1. Bundesliga'),
( 88, 'REGULAR_SEASON', 'O20F', 2, 1966, NULL    , '2. Bundesliga'),

(248, 'REGULAR_SEASON', 'O20M', 1, 1966, 'RLN'   , '1. Regionalliga Nord'),
(248, 'REGULAR_SEASON', 'O20M', 2, 1966, NULL    , '2. Regionalliga Nord'),
(249, 'REGULAR_SEASON', 'O20M', 1, 1966, '1RLWH' , '1. Regionalliga West'),
(249, 'REGULAR_SEASON', 'O20M', 2, 1966, NULL    , '2. Regionalliga West'),
(250, 'REGULAR_SEASON', 'O20M', 1, 1966, 'RLSW'  , '1. Regionalliga Südwest'),
(250, 'REGULAR_SEASON', 'O20M', 2, 1966, NULL    , '2. Regionalliga Südwest'),
(251, 'REGULAR_SEASON', 'O20M', 1, 1966, '1RLSO' , '1. Regionalliga Südost'),
(251, 'REGULAR_SEASON', 'O20M', 2, 1966, NULL    , '2. Regionalliga Südost'),

(258, 'REGULAR_SEASON', 'O20M', 1, 1966, 'OLH'   , 'Oberliga Hessen'),
(258, 'REGULAR_SEASON', 'O20M', 2, 1966, NULL    , 'Landesliga Hessen'),

(268, 'REGULAR_SEASON', 'O20M', 1, 1966, 'HBL'   , 'Bezirksliga Darmstadt'),
(268, 'REGULAR_SEASON', 'O20M', 2, 1966, 'HKA'   , 'Kreisliga A Darmstadt'),
(268, 'REGULAR_SEASON', 'O20M', 3, 1966, NULL    , 'Kreisliga B Darmstadt'),
(268, 'REGULAR_SEASON', 'O20M', 4, 1966, NULL    , 'Kreisliga C Darmstadt'),

( 88, 'CUP'           , 'O20M', 1, 1966, 'DBBP'  , 'DBB-Pokal'),
( 88, 'CUP'           , 'O20M', 1, 2009, 'BBLP'  , 'Beko BBL-Pokal'),
( 88, 'CUP'           , 'O20M', 1, 2016, 'BBLP'  , 'easyCredit BBL-Pokal'),
( 88, 'CUP'           , 'O20M', 1, 2019, 'BBLP'  , 'MagentaSport BBL-Pokal'),

(268, 'CUP'           , 'O20M', 1, 1966, 'HPD'   , 'Bezirkspokal Darmstadt'),

( 88, 'TOURNAMENT'    , 'O20M', 1, 1966, 'SUPCUP', 'BBL-Supercup'),
( 88, 'TOURNAMENT'    , 'O20M', 1, 2006, 'SUPCUP', 'BBL-Champions-Cup');


-- -----------------------------------------------------
-- Data for table `GroupLabels`
-- -----------------------------------------------------
INSERT INTO bbstatstest.GroupLabels (`code`, `name`) VALUES
('NO', 'Nord'),
('EA', 'Ost'),
('SO', 'Süd'),
('WE', 'West'),
('NE', 'Nordost'),
('SE', 'Südost'),
('SW', 'Südwest'),
('NW', 'Nordwest'),
('1' , NULL),
('2' , NULL);


-- -----------------------------------------------------
-- Data for table `Tenancies`
-- -----------------------------------------------------
INSERT INTO bbstatstest.Tenancies (`club_id`, `arena_id`, `ordinal_nbr`) VALUES
(101,201,0),
(101,202,4),
(101,203,2),
(101,204,3),
(101,235,1),
(102,205,0),
(103,206,0),
(104,207,0),
(104,216,1),
(105,208,0),
(106,209,2),
(106,274,3),
(106,276,1),
(106,277,0),
(107,210,0),
(107,310,1),
(107,311,2),
(108,211,0),
(108,228,2),
(108,271,3),
(108,291,1),
(109,212,0),
(110,212,0),
(110,307,1),
(110,339,2),
(111,213,0),
(111,294,1),
(112,214,0),
(112,222,1),
(112,267,2),
(113,215,0),
(113,286,1),
(114,223,0),
(115,217,2),
(115,233,0),
(115,265,1),
(115,323,3),
(116,218,0),
(117,219,0),
(117,272,3),
(117,303,1),
(117,304,2),
(118,214,3),
(118,220,0),
(118,292,1),
(118,293,2),
(119,221,0),
(119,301,2),
(119,302,1),
(120,224,2),
(120,225,1),
(120,260,3),
(120,262,0),
(121,227,0),
(122,226,0),
(122,263,1),
(123,229,0),
(123,266,1),
(123,273,2),
(124,218,3),
(124,230,0),
(124,264,1),
(124,269,2),
(125,231,0),
(126,232,0),
(127,234,0),
(240,297,1),
(240,298,0),
(241,308,0),
(241,309,1),
(242,276,0),
(242,277,1),
(243,277,3),
(243,278,1),
(243,313,0),
(243,326,2),
(244,290,0),
(244,316,1),
(327,275,0),
(327,276,2),
(327,277,1),
(329,295,0),
(330,301,0),
(330,302,1),
(331,318,0),
(332,305,0),
(332,306,1),
(333,319,0),
(334,299,1),
(334,300,0),
(334,320,2),
(335,279,0),
(335,280,1),
(337,336,0),
(338,322,0),
(340,281,0),
(340,282,1),
(341,288,0),
(341,289,1),
(342,315,0),
(343,288,0),
(343,289,1),
(344,317,0),
(345,283,1),
(345,284,0);

-- -----------------------------------------------------
-- Data for table `Addresses`
-- -----------------------------------------------------
INSERT INTO bbstatstest.Addresses (`contact_id`, `country_code`, `zip_code`, `city_name`, `street_name`, `house_nbr`, `latitude`, `longitude`) VALUES
(1,'DE','22880','Wedel','Am Rosengarten','6',NULL,NULL),
(2,'DE','64895','Darmstadt','','',NULL,NULL),
(3,'DE','','','','',NULL,NULL),
(4,'DE','','','','',NULL,NULL),
(5,'DE','','','','',NULL,NULL),
(6,'DE','','','','',NULL,NULL),
(7,'DE','','','','',NULL,NULL),
(8,'DE','','','','',NULL,NULL),
(9,'DE','','','','',NULL,NULL),
(10,'DE','','','','',NULL,NULL),
(11,'DE','','','','',NULL,NULL),
(12,'DE','','','','',NULL,NULL),
(13,'DE','','','','',NULL,NULL),
(14,'DE','','','','',NULL,NULL),
(15,'DE','','','','',NULL,NULL),
(16,'DE','','','','',NULL,NULL),
(17,'DE','','','','',NULL,NULL),
(18,'DE','','','','',NULL,NULL),
(19,'DE','','','','',NULL,NULL),
(20,'DE','','','','',NULL,NULL),
(21,'DE','','','','',NULL,NULL),
(22,'DE','','','','',NULL,NULL),
(23,'DE','','','','',NULL,NULL),
(24,'DE','','','','',NULL,NULL),
(25,'DE','','','','',NULL,NULL),
(26,'DE','','','','',NULL,NULL),
(101,'DE','64807','Dieburg','Schwimmbadweg','5',49.891954,8.8388518),
(102,'DE',NULL,'Babenhausen',NULL,NULL,NULL,NULL),
(103,'DE','','Ginsheim','','',NULL,NULL),
(104,'DE',NULL,'Groß-Umstadt',NULL,NULL,NULL,NULL),
(105,'DE','','Schaafheim','','',NULL,NULL),
(106,'DE','64895','Darmstadt','Nieder-Ramstädter Str.','170',NULL,NULL),
(107,'DE','69483','Wald-Michelbach',NULL,NULL,NULL,NULL),
(108,'DE',NULL,'Bensheim',NULL,NULL,NULL,NULL),
(109,'DE',NULL,'Rüsselsheim',NULL,NULL,NULL,NULL),
(110,'DE',NULL,'Rüsselsheim',NULL,NULL,NULL,NULL),
(111,'DE',NULL,'Rimbach',NULL,NULL,NULL,NULL),
(112,'DE','64404','Bickenbach','Pfungstädter Str.','6',NULL,NULL),
(113,'DE',NULL,'Mühltal',NULL,NULL,NULL,NULL),
(114,'DE',NULL,'Wiesbaden',NULL,NULL,NULL,NULL),
(115,'DE',NULL,'Langen',NULL,NULL,NULL,NULL),
(116,'DE',NULL,'Darmstadt',NULL,NULL,NULL,NULL),
(117,'DE',NULL,'Hochheim',NULL,NULL,NULL,NULL),
(118,'DE',NULL,'Heppenheim',NULL,NULL,NULL,NULL),
(119,'DE',NULL,'Bad Schwalbach',NULL,NULL,NULL,NULL),
(120,'DE',NULL,'Weiterstadt',NULL,NULL,NULL,NULL),
(121,'DE',NULL,'Groß-Gerau',NULL,NULL,NULL,NULL),
(122,'DE',NULL,'Ober-Ramstadt',NULL,NULL,NULL,NULL),
(123,'DE',NULL,'Dreieich',NULL,NULL,NULL,NULL),
(124,'DE',NULL,'Roßdorf',NULL,NULL,NULL,NULL),
(125,'DE','','Wallerstädten','','',NULL,NULL),
(126,'DE',NULL,'Geisenheim',NULL,NULL,NULL,NULL),
(127,'DE','63322','Rödermark','Schömbsstraße','31',49.9671032,8.7994296),
(201,'DE','64807','Dieburg','Schwimmbadweg','3',49.892388,8.837997),
(202,'DE','64807','Dieburg','Max-Planck-Straße',NULL,49.899235,8.856155),
(203,'DE','64807','Dieburg','Auf der Leer','11',49.898629,8.831892),
(204,'DE','64807','Dieburg','Frankfurter Straße','20',49.900269,8.844244),
(205,'DE','64832','Babenhausen','Bürgermeister-Willand-Straße',NULL,49.964086,8.959801),
(206,'DE','65462','Ginsheim-Gustavsburg','Karl-Liebknecht-Straße','18',49.968834,8.34793),
(207,'DE','64823','Groß-Umstadt','Dresdener Straße',NULL,49.881584,8.920574),
(208,'DE','63762','Großostheim','Zur Welzbachhalle 9',NULL,49.91835,9.0669),
(209,'DE','64285','Darmstadt','Herrmannstraße','21',49.862288,8.652946),
(210,'DE','69483','Wald-Michelbach','Im Spechtbach','20',49.565529,8.830647),
(211,'DE','64625','Bensheim','Dammstr.','121',49.691155,8.614646),
(212,'DE','65428','Rüsselsheim','Hessenring','75',49.982735,8.443691),
(213,'DE','64668','Rimbach','Hauptstraße',NULL,49.601141,8.769713),
(214,'DE','64342','Seeheim-Jugenheim','Sandstraße',NULL,49.763985,8.636879),
(215,'DE','64367','Mühltal','Am Pfaffenberg',NULL,49.828512,8.697551),
(216,'DE','64823','Groß-Umstadt','Am Darmstädter Schloß',NULL,49.870194,8.93049),
(217,'DE','63225','Langen','Goethestraße','6',49.989221,8.666471),
(218,'DE','64287','Darmstadt','Alfred-Messel-Weg','7',49.881359,8.670477),
(219,'DE','65239','Hochheim','Massenheimer Landstr.','5 - 7',50.018624,8.359147),
(220,'DE','64646','Heppenheim','Nibelungenstraße','12',49.638234,8.63766),
(221,'DE','65307','Bad Schwalbach','Wiedbachstraße',NULL,50.144422,8.069898),
(222,'DE','64342','Seeheim-Jugenheim','Sandstraße',NULL,49.763394,8.637166),
(223,'DE','65197','Wiesbaden','Willy-Brandt-Allee','17',50.072425,8.222398),
(224,'DE','64331','Weiterstadt','Am Aulenberg',NULL,49.905695,8.57334),
(225,'DE','64331','Weiterstadt','Darmstädter Landstraße','70',49.924272,8.607649),
(226,'DE','64372','Ober-Ramstadt','Dieselstraße','6',49.819829,8.761371),
(227,'DE','64521','Groß-Gerau','Luisenstraße',NULL,49.918395,8.482253),
(228,'DE','64625','Bensheim','Auerbacher Weg','24',49.691207,8.620255),
(229,'DE','63303','Dreieich','Am Trauben','17',50.00877,8.694697),
(230,'DE','64380','Roßdorf','Grüner Weg',NULL,49.860544,8.754897),
(231,'DE','64521','Groß-Gerau (Wallerstädten)','Auf dem Deich',NULL,49.903924,8.449079),
(232,'DE','65366','Geisenheim','Rüdesheimer Straße','30',49.983098,7.961488),
(233,'DE','63225','Langen','Berliner Allee','91',49.984897,8.651615),
(234,'DE','63322','Urberach','Schömbsstraße','32',49.967109,8.80198),
(235,'DE','64807','Dieburg','Auf der Leer','15',49.90025,8.8334),
(240,'DE',NULL,NULL,NULL,NULL,NULL,NULL),
(241,'DE',NULL,'Trebur',NULL,NULL,NULL,NULL),
(242,'DE',NULL,NULL,NULL,NULL,NULL,NULL),
(243,'DE',NULL,NULL,NULL,NULL,NULL,NULL),
(244,'DE',NULL,NULL,NULL,NULL,NULL,NULL),
(245,'DE',NULL,NULL,NULL,NULL,NULL,NULL),
(246,'DE',NULL,NULL,NULL,NULL,NULL,NULL),
(247,'DE',NULL,NULL,NULL,NULL,NULL,NULL),
(248,'DE',NULL,NULL,NULL,NULL,NULL,NULL),
(249,'DE',NULL,NULL,NULL,NULL,NULL,NULL),
(250,'DE',NULL,NULL,NULL,NULL,NULL,NULL),
(251,'DE',NULL,NULL,NULL,NULL,NULL,NULL),
(252,'DE',NULL,NULL,NULL,NULL,NULL,NULL),
(253,'DE',NULL,NULL,NULL,NULL,NULL,NULL),
(254,'DE',NULL,NULL,NULL,NULL,NULL,NULL),
(255,'DE',NULL,NULL,NULL,NULL,NULL,NULL),
(256,'DE',NULL,NULL,NULL,NULL,NULL,NULL),
(257,'DE',NULL,NULL,NULL,NULL,NULL,NULL),
(260,'DE','64390','Erzhausen','Heinrichweg','40b',NULL,NULL),
(262,'DE','64331','Weiterstadt','Am Aulenberg 3-5',NULL,NULL,NULL),
(263,'DE','64372','Ober-Ramstadt','An der Großsporthalle',NULL,NULL,NULL),
(264,'DE','64380','Roßdorf','Alte Dieburger Str.','56',NULL,NULL),
(265,'DE','63225','Langen','Goethestraße','6',NULL,NULL),
(266,'DE','63303','Dreieich','Frankfurter Str.','160 - 166',NULL,NULL),
(267,'DE','64342','Seeheim-Jugenheim','Gr. Parkplatz Schuldorf Bergstr. (Tennisplatz)',NULL,NULL,NULL),
(269,'DE','64380','Roßdorf','Ringstr.','61',NULL,NULL),
(271,'DE','64625','Bensheim','Eingang: Franz-Liszt-Str. 8 / Parken: Wilhelmstr.',NULL,NULL,NULL),
(272,'DE','55131','Mainz','Oberer Laubenheimer Weg','58',NULL,NULL),
(273,'DE','63303','Dreieich','Breslauer Str.',NULL,NULL,NULL),
(274,'DE','64285','Darmstadt','Ludwigshafener Str.','10',NULL,NULL),
(275,'DE','64287','Darmstadt','Kekulestr.',NULL,NULL,NULL),
(276,'DE','64289','Darmstadt','Alsfelder-Str.','29',NULL,NULL),
(277,'DE','64293','Darmstadt','Kasinostraße','42',NULL,NULL),
(278,'DE','64297','Darmstadt (Eberstadt)','Gabelsberger Str.','8',NULL,NULL),
(279,'DE','64319','Pfungstadt','Mühlstraße',NULL,NULL,NULL),
(280,'DE','64319','Pfungstadt','Ringstr./Ecke Mainstr.',NULL,NULL,NULL),
(281,'DE','64347','Griesheim','Am Felsenkeller',NULL,NULL,NULL),
(282,'DE','64347','Griesheim','Am Felsenkeller',NULL,NULL,NULL),
(283,'DE','64354','Reinheim (Spachbrücken)','Lessingstraße','2',NULL,NULL),
(284,'DE','64354','Reinheim (Zeilhard)','Am Mühlbach',NULL,NULL,NULL),
(286,'DE','64367','Nieder-Ramstadt','Ober-Ramstädter-Str.','37',NULL,NULL),
(288,'DE','64546','Mörfelden-Walldorf','An den Nußbäumen',NULL,NULL,NULL),
(289,'DE','64546','Mörfelden-Walldorf','Okrifteler Straße','6',NULL,NULL),
(290,'DE','64579','Gernsheim','Konrad-Adenauer-Ring',NULL,49.757077,8.497144),
(291,'DE','64625','Bensheim','Wilhelmstraße','94',NULL,NULL),
(292,'DE','64646','Heppenheim','Laudenbacher Tor','6',NULL,NULL),
(293,'DE','64646','Heppenheim','Gerhart-Hauptmann-Straße','21',NULL,NULL),
(294,'DE','64668','Rimbach','Kleiststraße',NULL,NULL,NULL),
(295,'DE','64683','Einhausen','Sepp-Herberger-Straße',NULL,NULL,NULL),
(297,'DE','65195','Wiesbaden','Georg-August-Str.','16',NULL,NULL),
(298,'DE','65203','Wiesbaden (Biebrich)','Bergmann-Str.','3',50.044760,8.246220),
(299,'DE','65207','Wiesbaden (Naurod)','Rudolf-Dietz-Straße','14',NULL,NULL),
(300,'DE','65207','Wiesbaden (Naurod)','Laurentiusstraße',NULL,NULL,NULL),
(301,'DE','65232','Taunusstein (Hahn)','Pestalozzi-Str.','1',NULL,NULL),
(302,'DE','65232','Taunusstein','Pestalozzi-Str.','1a',NULL,NULL),
(303,'DE','65239','Hochheim','Massenheimer Landstr.','5 - 7',NULL,NULL),
(304,'DE','65239','Hochheim (Massenheim)','Untergasse','19',NULL,NULL),
(305,'DE','65428','Rüsselsheim','Evreuxring','31',NULL,NULL),
(306,'DE','65428','Rüsselsheim','Reinhard-Strecker-Str.',NULL,NULL,NULL),
(307,'DE','65428','Rüsselsheim','Hessenring','75',49.981263,8.442573),
(308,'DE','65468','Trebur','Dammstraße','6',NULL,NULL),
(309,'DE','65468','Trebur (Astheim)','Berliner Str.','7',NULL,NULL),
(310,'DE','69483','Wald-Michelbach','Ludwigstr.','38',NULL,NULL),
(311,'DE','69483','Wald-Michelbach','Forsthausstraße','20',NULL,NULL),
(313,'DE','64297','Darmstadt (Eberstadt)','Im Hirtengrund',NULL,NULL,NULL),
(315,'DE','64569','Nauheim','Im Gehren',NULL,NULL,NULL),
(316,'DE','64579','Gernsheim','Konrad-Adenauer-Ring',NULL,49.754449,8.496192),
(317,'DE','64589','Stockstadt','Insel-Kühkopfstraße',NULL,NULL,NULL),
(318,'DE','64720','Michelstadt','Geschwister-Scholl-Str.',NULL,NULL,NULL),
(319,'DE','64839','Münster','Stettiner Str.',NULL,NULL,NULL),
(320,'DE','65197','Wiesbaden','Geschwister-Scholl-Str.','10',NULL,NULL),
(322,'DE','68647','Biblis','Josef-Seib-Str.','10',NULL,NULL),
(323,'DE','63225','Langen','Bahnstraße 40 / Eingang über Parkplatz Z',NULL,NULL,NULL),
(324,'DE','64289','Darmstadt','Wickopweg','2',NULL,NULL),
(325,'DE','64291','Darmstadt','Grillparzerstr.','33',NULL,NULL),
(326,'DE','64297','Darmstadt (Eberstadt)','Arndtstr.','6',NULL,NULL),
(327,'DE',NULL,NULL,NULL,NULL,NULL,NULL),
(329,'DE',NULL,NULL,NULL,NULL,NULL,NULL),
(330,'DE',NULL,'Taunusstein (Hahn)',NULL,NULL,NULL,NULL),
(331,'DE',NULL,NULL,NULL,NULL,NULL,NULL),
(332,'DE',NULL,NULL,NULL,NULL,NULL,NULL),
(333,'DE','64839','Münster (Hessen)',NULL,NULL,NULL,NULL),
(334,'DE',NULL,NULL,NULL,NULL,NULL,NULL),
(335,'DE',NULL,NULL,NULL,NULL,NULL,NULL),
(336,'DE','65232','Taunusstein (Neuhof)','Ziegelhüttenweg','7',NULL,NULL),
(337,'DE',NULL,'Taunusstein (Neuhof)',NULL,NULL,NULL,NULL),
(338,'DE',NULL,NULL,NULL,NULL,NULL,NULL),
(339,'DE','65428','Rüsselsheim','Evreuxring','31',49.981541,8.434211),
(340,'DE',NULL,NULL,NULL,NULL,NULL,NULL),
(341,'DE',NULL,NULL,NULL,NULL,NULL,NULL),
(342,'DE',NULL,NULL,NULL,NULL,NULL,NULL),
(343,'DE',NULL,NULL,NULL,NULL,NULL,NULL),
(344,'DE',NULL,NULL,NULL,NULL,NULL,NULL),
(345,'DE',NULL,NULL,NULL,NULL,NULL,NULL);

INSERT INTO bbstatstest.PhoneNumbers (`contact_id`, `type`, `country_code`, `area_code`, `subscriber_nbr`) VALUES
(1, 'MOBILE', 49,  172, 5183395),
(1, 'FIXED' , 49, 6071,  749015),
(1, 'FAX'   , 49, 6071,  749016);

INSERT INTO bbstatstest.EmailAddresses (`contact_id`, "index", `uri`) VALUES
(1, 0, 'kwutzke@yahoo.de'),
(1, 1, 'kasi@nba.com');

-- -----------------------------------------------------
-- Data for table `Users`
-- -----------------------------------------------------
INSERT INTO bbstatstest.Users (`name`, `person_id`, `password`, `new_password`, `salt`, `is_enabled`, `locale_code`, `theme_name`) VALUES
('kwutzke',  1, 'pippo76', NULL, NULL, 1, 'de_DE', NULL),
('jimmel' ,  2, 'jimmel' , NULL, NULL, 1, 'en_US', NULL),
('mkrause',  7, 'mkrause', NULL, NULL, 1, 'en_GB', NULL),
('hpohl'  , 12, 'hpohl'  , NULL, NULL, 1, 'de_DE', NULL),
('bstumpf', 14, 'bstumpf', NULL, NULL, 1, 'en_US', NULL),
('test'   , 99, 'test'   , NULL, NULL, 1, 'de_DE', NULL);


INSERT INTO bbstatstest.Colors (`name`, `rgb`) VALUES
('black'  , X'000000'),
('red'    , X'FF0000'),
('green'  , X'00FF00'),
('blue'   , X'0000FF'),
('magenta', X'FF00FF'),
('yellow' , X'FFFF00'),
('cyan'   , X'00FFFF'),
('white'  , X'FFFFFF'),
('orange' , X'FF8C00'),
('purple' , X'8C00C8');


INSERT INTO bbstatstest.Rounds (`id`, `type`, `geo_context_id`, `competition_type`, `team_type_code`, `competition_level`, `season_start_year`) VALUES
(   1, 'RANKING_ROUND'    ,  88, 'REGULAR_SEASON', 'O20M', 1, 2001),
(   2, 'RANKING_ROUND'    ,  88, 'REGULAR_SEASON', 'O20M', 2, 2001),

(   3, 'RANKING_ROUND'    , 248, 'REGULAR_SEASON', 'O20M', 1, 2001),
(   4, 'RANKING_ROUND'    , 248, 'REGULAR_SEASON', 'O20M', 2, 2001),
(   5, 'RANKING_ROUND'    , 249, 'REGULAR_SEASON', 'O20M', 1, 2001),
(   6, 'RANKING_ROUND'    , 249, 'REGULAR_SEASON', 'O20M', 2, 2001),
(   7, 'RANKING_ROUND'    , 250, 'REGULAR_SEASON', 'O20M', 1, 2001),
(   8, 'RANKING_ROUND'    , 250, 'REGULAR_SEASON', 'O20M', 2, 2001),
(   9, 'RANKING_ROUND'    , 251, 'REGULAR_SEASON', 'O20M', 1, 2001),
(  10, 'RANKING_ROUND'    , 251, 'REGULAR_SEASON', 'O20M', 2, 2001),

(  11, 'RANKING_ROUND'    , 258, 'REGULAR_SEASON', 'O20M', 1, 2001),
(  12, 'RANKING_ROUND'    , 258, 'REGULAR_SEASON', 'O20M', 2, 2001),

(  51, 'RANKING_ROUND'    , 268, 'REGULAR_SEASON', 'O20M', 1, 2001),
(  52, 'RANKING_ROUND'    , 268, 'REGULAR_SEASON', 'O20M', 2, 2001),
(  53, 'RANKING_ROUND'    , 268, 'REGULAR_SEASON', 'O20M', 3, 2001),
(  54, 'RANKING_ROUND'    , 268, 'REGULAR_SEASON', 'O20M', 4, 2001),
(  55, 'ELIMINATION_ROUND', 268, 'CUP'           , 'O20M', 1, 2001),
(  56, 'ELIMINATION_ROUND', 268, 'CUP'           , 'O20M', 2, 2001),
(  57, 'ELIMINATION_ROUND', 268, 'CUP'           , 'O20M', 3, 2001),
(  58, 'ELIMINATION_ROUND', 268, 'CUP'           , 'O20M', 4, 2001),
(  59, 'ELIMINATION_ROUND', 268, 'CUP'           , 'O20M', 5, 2001),
(  60, 'ELIMINATION_ROUND', 268, 'CUP'           , 'O20M', 6, 2001),

( 101, 'RANKING_ROUND'    ,  88, 'REGULAR_SEASON', 'O20M', 1, 2002),
( 102, 'RANKING_ROUND'    ,  88, 'REGULAR_SEASON', 'O20M', 2, 2002),

( 103, 'RANKING_ROUND'    , 248, 'REGULAR_SEASON', 'O20M', 1, 2002),
( 104, 'RANKING_ROUND'    , 248, 'REGULAR_SEASON', 'O20M', 2, 2002),
( 105, 'RANKING_ROUND'    , 249, 'REGULAR_SEASON', 'O20M', 1, 2002),
( 106, 'RANKING_ROUND'    , 249, 'REGULAR_SEASON', 'O20M', 2, 2002),
( 107, 'RANKING_ROUND'    , 250, 'REGULAR_SEASON', 'O20M', 1, 2002),
( 108, 'RANKING_ROUND'    , 250, 'REGULAR_SEASON', 'O20M', 2, 2002),
( 109, 'RANKING_ROUND'    , 251, 'REGULAR_SEASON', 'O20M', 1, 2002),
( 110, 'RANKING_ROUND'    , 251, 'REGULAR_SEASON', 'O20M', 2, 2002),

( 111, 'RANKING_ROUND'    , 258, 'REGULAR_SEASON', 'O20M', 1, 2002),
( 112, 'RANKING_ROUND'    , 258, 'REGULAR_SEASON', 'O20M', 2, 2002),

( 151, 'RANKING_ROUND'    , 268, 'REGULAR_SEASON', 'O20M', 1, 2002),
( 152, 'RANKING_ROUND'    , 268, 'REGULAR_SEASON', 'O20M', 2, 2002),
( 153, 'RANKING_ROUND'    , 268, 'REGULAR_SEASON', 'O20M', 3, 2002),
( 154, 'RANKING_ROUND'    , 268, 'REGULAR_SEASON', 'O20M', 4, 2002),
( 155, 'ELIMINATION_ROUND', 268, 'CUP'           , 'O20M', 1, 2002),
( 156, 'ELIMINATION_ROUND', 268, 'CUP'           , 'O20M', 2, 2002),
( 157, 'ELIMINATION_ROUND', 268, 'CUP'           , 'O20M', 3, 2002),
( 158, 'ELIMINATION_ROUND', 268, 'CUP'           , 'O20M', 4, 2002),
( 159, 'ELIMINATION_ROUND', 268, 'CUP'           , 'O20M', 5, 2002),
( 160, 'ELIMINATION_ROUND', 268, 'CUP'           , 'O20M', 6, 2002),

( 201, 'RANKING_ROUND'    ,  88, 'REGULAR_SEASON', 'O20M', 1, 2003),
( 202, 'RANKING_ROUND'    ,  88, 'REGULAR_SEASON', 'O20M', 2, 2003),

( 203, 'RANKING_ROUND'    , 248, 'REGULAR_SEASON', 'O20M', 1, 2003),
( 204, 'RANKING_ROUND'    , 248, 'REGULAR_SEASON', 'O20M', 2, 2003),
( 205, 'RANKING_ROUND'    , 249, 'REGULAR_SEASON', 'O20M', 1, 2003),
( 206, 'RANKING_ROUND'    , 249, 'REGULAR_SEASON', 'O20M', 2, 2003),
( 207, 'RANKING_ROUND'    , 250, 'REGULAR_SEASON', 'O20M', 1, 2003),
( 208, 'RANKING_ROUND'    , 250, 'REGULAR_SEASON', 'O20M', 2, 2003),
( 209, 'RANKING_ROUND'    , 251, 'REGULAR_SEASON', 'O20M', 1, 2003),
( 210, 'RANKING_ROUND'    , 251, 'REGULAR_SEASON', 'O20M', 2, 2003),

( 211, 'RANKING_ROUND'    , 258, 'REGULAR_SEASON', 'O20M', 1, 2003),
( 212, 'RANKING_ROUND'    , 258, 'REGULAR_SEASON', 'O20M', 2, 2003),

( 251, 'RANKING_ROUND'    , 268, 'REGULAR_SEASON', 'O20M', 1, 2003),
( 252, 'RANKING_ROUND'    , 268, 'REGULAR_SEASON', 'O20M', 2, 2003),
( 253, 'RANKING_ROUND'    , 268, 'REGULAR_SEASON', 'O20M', 3, 2003),
( 254, 'RANKING_ROUND'    , 268, 'REGULAR_SEASON', 'O20M', 4, 2003),

( 255, 'ELIMINATION_ROUND', 268, 'CUP'           , 'O20M', 1, 2003),
( 256, 'ELIMINATION_ROUND', 268, 'CUP'           , 'O20M', 2, 2003),
( 257, 'ELIMINATION_ROUND', 268, 'CUP'           , 'O20M', 3, 2003),
( 258, 'ELIMINATION_ROUND', 268, 'CUP'           , 'O20M', 4, 2003),
( 259, 'ELIMINATION_ROUND', 268, 'CUP'           , 'O20M', 5, 2003),
( 260, 'ELIMINATION_ROUND', 268, 'CUP'           , 'O20M', 6, 2003),

(1801, 'RANKING_ROUND'    ,  88, 'REGULAR_SEASON', 'O20M', 1, 2019),
(1802, 'RANKING_ROUND'    ,  88, 'REGULAR_SEASON', 'O20M', 2, 2019),
(1803, 'RANKING_ROUND'    ,  88, 'REGULAR_SEASON', 'O20M', 3, 2019),

(1804, 'RANKING_ROUND'    , 248, 'REGULAR_SEASON', 'O20M', 1, 2019),
(1805, 'RANKING_ROUND'    , 248, 'REGULAR_SEASON', 'O20M', 2, 2019),
(1806, 'RANKING_ROUND'    , 249, 'REGULAR_SEASON', 'O20M', 1, 2019),
(1807, 'RANKING_ROUND'    , 249, 'REGULAR_SEASON', 'O20M', 2, 2019),
(1808, 'RANKING_ROUND'    , 250, 'REGULAR_SEASON', 'O20M', 1, 2019),
(1809, 'RANKING_ROUND'    , 250, 'REGULAR_SEASON', 'O20M', 2, 2019),
(1810, 'RANKING_ROUND'    , 251, 'REGULAR_SEASON', 'O20M', 1, 2019),
(1811, 'RANKING_ROUND'    , 251, 'REGULAR_SEASON', 'O20M', 2, 2019),

(1812, 'RANKING_ROUND'    , 258, 'REGULAR_SEASON', 'O20M', 1, 2019),
(1813, 'RANKING_ROUND'    , 258, 'REGULAR_SEASON', 'O20M', 2, 2019),

(1851, 'RANKING_ROUND'    , 268, 'REGULAR_SEASON', 'O20M', 1, 2019),
(1852, 'RANKING_ROUND'    , 268, 'REGULAR_SEASON', 'O20M', 2, 2019),
(1853, 'RANKING_ROUND'    , 268, 'REGULAR_SEASON', 'O20M', 3, 2019),
(1854, 'RANKING_ROUND'    , 268, 'REGULAR_SEASON', 'O20M', 4, 2019),
(1855, 'ELIMINATION_ROUND', 268, 'CUP'           , 'O20M', 1, 2019),
(1856, 'ELIMINATION_ROUND', 268, 'CUP'           , 'O20M', 2, 2019),
(1857, 'ELIMINATION_ROUND', 268, 'CUP'           , 'O20M', 3, 2019),
(1858, 'ELIMINATION_ROUND', 268, 'CUP'           , 'O20M', 4, 2019),
(1859, 'ELIMINATION_ROUND', 268, 'CUP'           , 'O20M', 5, 2019),
(1860, 'ELIMINATION_ROUND', 268, 'CUP'           , 'O20M', 6, 2019);


INSERT INTO bbstatstest.RankingRounds (`id`) VALUES
(  1),
(  2),
(  3),
(  4),
(  5),
(  6),
(  7),
(  8),
(  9),
( 10),
( 11),
( 12),
( 51),
( 52),
( 53),
( 54),

( 101),
( 102),
( 103),
( 104),
( 105),
( 106),
( 107),
( 108),
( 109),
( 110),
( 111),
( 112),
( 151),
( 152),
( 153),
( 154),

( 201),
( 202),
( 203),
( 204),
( 205),
( 206),
( 207),
( 208),
( 209),
( 210),
( 211),
( 212),
( 251),
( 252),
( 253),
( 254),

(1801),
(1802),
(1803),
(1804),
(1805),
(1806),
(1807),
(1808),
(1809),
(1810),
(1811),
(1812),
(1813),
(1851),
(1852),
(1853),
(1854);

INSERT INTO bbstatstest.EliminationRounds (`id`, `best_of`) VALUES
(  55, 1),
(  56, 1),
(  57, 1),
(  58, 1),
(  59, 1),
(  60, 1),

( 155, 1),
( 156, 1),
( 157, 1),
( 158, 1),
( 159, 1),
( 160, 1),

( 255, 1),
( 256, 1),
( 257, 1),
( 258, 1),
( 259, 1),
( 260, 1),

(1855, 1),
(1856, 1),
(1857, 1),
(1858, 1),
(1859, 1),
(1860, 1);


INSERT INTO bbstatstest.Groups (`round_id`, `code`, `official_code`, `max_members`) VALUES
(  1, '1' , NULL    , 14),
(  2, 'NO', '2BLN'  , 16),
(  2, 'SO', '2BLS'  , 16),
(  3, '1' , NULL    , 14),
(  4, 'NO', 'RLNN'  , 12),
(  4, 'WE', 'RLNW'  , 12),
(  4, 'EA', 'RLNO'  , 12),
(  5, '1' , NULL    , 14),
(  6, '1' , 'RLW1'  , 12),
(  6, '2' , 'RLW2'  , 12),
(  7, '1' , NULL    , 14),
(  8, 'NO', 'RLSWN' , 12),
(  8, 'SO', 'RLSWS' , 12),
(  9, '1' , NULL    , 14),
( 10, 'NO', 'RLSON' , 12),
( 10, 'SO', 'RLSOS' , 12),
( 11, '1' , NULL    , 10),
( 12, 'NO', 'LNH'   , 10),
( 12, 'SO', 'LSH'   , 10),
( 51, '1' , NULL    , 10),
( 52, '1' , NULL    , 10),
( 53, 'EA', 'HB1'   , 10),
( 53, 'WE', 'HB2'   , 10),
( 54, 'EA', 'HC1'   , 10),
( 54, 'WE', 'HC2'   , 10),
( 60, '1' , 'HPD-R1', NULL),

(101, '1' , NULL    , 14),
(102, 'NO', '2BLN'  , 16),
(102, 'SO', '2BLS'  , 16),
(103, '1' , NULL    , 14),
(104, 'NO', 'RLNN'  , 12),
(104, 'WE', 'RLNW'  , 12),
(104, 'EA', 'RLNO'  , 12),
(105, '1' , NULL    , 14),
(106, '1' , 'RLW1'  , 12),
(106, '2' , 'RLW2'  , 12),
(107, '1' , NULL    , 14),
(108, 'NO', 'RLSWN' , 12),
(108, 'SO', 'RLSWS' , 12),
(109, '1' , NULL    , 14),
(110, 'NO', 'RLSON' , 12),
(110, 'SO', 'RLSOS' , 12),
(111, '1' , NULL    , 10),
(112, 'NO', 'LNH'   , 10),
(112, 'SO', 'LSH'   , 10),
(151, '1' , NULL    , 10),
(152, '1' , NULL    , 10),
(153, 'EA', 'HB1'   , 10),
(153, 'WE', 'HB2'   , 10),
(154, 'EA', 'HC1'   , 10),
(154, 'WE', 'HC2'   , 10),
(160, '1' , 'HPD-R1', NULL),

(201, '1' , NULL    , 16),
(202, 'NO', '2BLN'  , 16),
(202, 'SO', '2BLS'  , 16),
(203, '1' , NULL    , 14),
(204, 'NO', 'RLNN'  , 12),
(204, 'WE', 'RLNW'  , 12),
(204, 'EA', 'RLNO'  , 12),
(205, '1' , NULL    , 14),
(206, '1' , 'RLW1'  , 12),
(206, '2' , 'RLW2'  , 12),
(207, '1' , NULL    , 14),
(208, 'NO', 'RLSWN' , 12),
(208, 'SO', 'RLSWS' , 12),
(209, '1' , NULL    , 14),
(210, 'NO', 'RLSON' , 12),
(210, 'SO', 'RLSOS' , 12),
(211, '1' , NULL    , 10),
(212, 'NO', 'LNH'   , 10),
(212, 'SO', 'LSH'   , 10),
(251, '1' , NULL    , 10),
(252, '1' , NULL    , 10),
(253, 'EA', 'HB1'   , 10),
(253, 'WE', 'HB2'   , 10),
(254, 'EA', 'HC1'   , 10),
(254, 'WE', 'HC2'   , 10),
(260, '1' , 'HPD-R1', NULL),

(1801, '1' , NULL    , 18),
(1802, '1' , NULL    , 18),
(1803, 'NO', NULL    , 12),
(1803, 'SO', NULL    , 12),
(1804, '1' , NULL    , 14),
(1805, 'NO', 'RLNN'  , 12),
(1805, 'WE', 'RLNW'  , 12),
(1805, 'EA', 'RLNO'  , 12),
(1806, '1' , NULL    , 14),
(1807, '1' , 'RLW1'  , 12),
(1807, '2' , 'RLW2'  , 12),
(1808, '1' , NULL    , 14),
(1809, 'NO', 'RLSWN' , 12),
(1809, 'SO', 'RLSWS' , 12),
(1810, '1' , NULL    , 14),
(1811, 'NO', 'RLSON' , 12),
(1811, 'SO', 'RLSOS' , 12),
(1812, '1' , NULL    , 10),
(1813, 'NO', 'LNH'   , 10),
(1813, 'SO', 'LSH'   , 10),
(1851, '1' , NULL    , 10),
(1852, '1' , NULL    , 10),
(1853, 'EA', 'HB1'   , 10),
(1853, 'WE', 'HB2'   , 10),
(1854, 'EA', 'HC1'   , 10),
(1854, 'WE', 'HC2'   , 10),
(1860, '1' , 'HPD-R1', NULL);


INSERT INTO bbstatstest.GroupLinks (`parent_round_id`, `parent_group_code`, `child_round_id`, `child_group_code`) VALUES
(   1, '1' ,   2, 'NO'),
(   1, '1' ,   2, 'SO'),
(   2, 'NO',   3, '1' ),
(   3, '1' ,   4, 'NO'),
(   3, '1' ,   4, 'WE'),
(   3, '1' ,   4, 'EA'),
(   2, 'NO',   5, '1' ),
(   5, '1' ,   6, '1' ),
(   5, '1' ,   6, '2' ),
(   2, 'SO',   7, '1' ),
(   7, '1' ,   8, 'NO'),
(   7, '1' ,   8, 'SO'),
(   2, 'SO',   9, '1' ),
(   9, '1' ,  10, 'NO'),
(   9, '1' ,  10, 'SO'),
(   8, 'NO',  11, '1' ),
(  11, '1' ,  12, 'NO'),
(  11, '1' ,  12, 'SO'),
(  12, 'SO',  51, '1' ),
(  51, '1' ,  52, '1' ),
(  52, '1' ,  53, 'EA'),
(  52, '1' ,  53, 'WE'),
(  53, 'EA',  54, 'EA'),
(  53, 'EA',  54, 'WE'),
(  53, 'WE',  54, 'EA'),
(  53, 'WE',  54, 'WE'),

( 101, '1' , 102, 'NO'),
( 101, '1' , 102, 'SO'),
( 102, 'NO', 103, '1' ),
( 103, '1' , 104, 'NO'),
( 103, '1' , 104, 'WE'),
( 103, '1' , 104, 'EA'),
( 102, 'NO', 105, '1' ),
( 105, '1' , 106, '1' ),
( 105, '1' , 106, '2' ),
( 102, 'SO', 107, '1' ),
( 107, '1' , 108, 'NO'),
( 107, '1' , 108, 'SO'),
( 102, 'SO', 109, '1' ),
( 109, '1' , 110, 'NO'),
( 109, '1' , 110, 'SO'),
( 108, 'NO', 111, '1' ),
( 111, '1' , 112, 'NO'),
( 111, '1' , 112, 'SO'),
( 112, 'SO', 151, '1' ),
( 151, '1' , 152, '1' ),
( 152, '1' , 153, 'EA'),
( 152, '1' , 153, 'WE'),
( 153, 'EA', 154, 'EA'),
( 153, 'EA', 154, 'WE'),
( 153, 'WE', 154, 'EA'),
( 153, 'WE', 154, 'WE'),

( 201, '1' , 202, 'NO'),
( 201, '1' , 202, 'SO'),
( 202, 'NO', 203, '1' ),
( 203, '1' , 204, 'NO'),
( 203, '1' , 204, 'WE'),
( 203, '1' , 204, 'EA'),
( 202, 'NO', 205, '1' ),
( 205, '1' , 206, '1' ),
( 205, '1' , 206, '2' ),
( 202, 'SO', 207, '1' ),
( 207, '1' , 208, 'NO'),
( 207, '1' , 208, 'SO'),
( 202, 'SO', 209, '1' ),
( 209, '1' , 210, 'NO'),
( 209, '1' , 210, 'SO'),
( 208, 'NO', 211, '1' ),
( 211, '1' , 212, 'NO'),
( 211, '1' , 212, 'SO'),
( 212, 'SO', 251, '1' ),
( 251, '1' , 252, '1' ),
( 252, '1' , 253, 'EA'),
( 252, '1' , 253, 'WE'),
( 253, 'EA', 254, 'EA'),
( 253, 'EA', 254, 'WE'),
( 253, 'WE', 254, 'EA'),
( 253, 'WE', 254, 'WE'),

(1801, '1' , 1802, '1' ),
(1802, '1' , 1803, 'NO'),
(1802, '1' , 1803, 'SO'),
(1803, 'NO', 1804, '1' ),
(1804, '1' , 1805, 'NO'),
(1804, '1' , 1805, 'WE'),
(1804, '1' , 1805, 'EA'),
(1803, 'NO', 1806, '1' ),
(1806, '1' , 1807, '1' ),
(1806, '1' , 1807, '2' ),
(1803, 'SO', 1808, '1' ),
(1808, '1' , 1809, 'NO'),
(1808, '1' , 1809, 'SO'),
(1803, 'SO', 1810, '1' ),
(1810, '1' , 1811, 'NO'),
(1810, '1' , 1811, 'SO'),
(1809, 'NO', 1812, '1' ),
(1812, '1' , 1813, 'NO'),
(1812, '1' , 1813, 'SO'),
(1813, 'SO', 1851, '1' ),
(1851, '1' , 1852, '1' ),
(1852, '1' , 1853, 'EA'),
(1852, '1' , 1853, 'WE'),
(1853, 'EA', 1854, 'EA'),
(1853, 'EA', 1854, 'WE'),
(1853, 'WE', 1854, 'EA'),
(1853, 'WE', 1854, 'WE')
;


INSERT INTO bbstatstest.Games (`id`, `round_id`, `group_code`, `arena_id`, `ref_club_id`, `scheduled_tipoff`, `actual_tipoff`, `matchday_nbr`, `official_nbr`, `attendance`, `recap`) VALUES
(  1,  54, 'EA', 209, NULL, '2001-09-08 17:15:00', NULL, NULL, '4', NULL, NULL),
(  2,  54, 'EA', 205, NULL, '2001-09-09 11:00:00', NULL, NULL, '5', NULL, NULL),
(  3,  54, 'EA', 201, NULL, '2001-09-09 18:00:00', NULL, NULL, '2', NULL, NULL),
(  4,  54, 'EA', 211, NULL, '2001-09-15 15:30:00', NULL, NULL, '7', NULL, NULL),
(  5,  54, 'EA', 206, NULL, '2001-09-16 19:30:00', NULL, NULL, '6', NULL, NULL),
(  6,  54, 'EA', 210, NULL, '2001-09-16 14:15:00', '2001-10-06 14:15:00', NULL, '9', NULL, NULL),
(  7,  54, 'EA', 208, NULL, '2001-09-22 16:00:00', NULL, NULL, '11', NULL, NULL),
(  8,  54, 'EA', 209, NULL, '2001-09-22 17:15:00', NULL, NULL, '13', NULL, NULL),
(  9,  54, 'EA', 207, NULL, '2001-09-23 15:30:00', NULL, NULL, '15', NULL, NULL),
( 10,  54, 'EA', 211, NULL, '2001-09-29 19:30:00', NULL, NULL, '18', NULL, NULL),
( 11,  54, 'EA', 202, NULL, '2001-09-29 20:15:00', '2001-11-25 14:00:00', NULL, '17', NULL, NULL),
( 12,  54, 'EA', 206, NULL, '2001-09-30 19:30:00', '2001-09-30 17:30:00', NULL, '16', NULL, NULL),
( 13,  54, 'EA', 209, NULL, '2001-10-13 17:15:00', NULL, NULL, '22', NULL, NULL),
( 14,  54, 'EA', 205, NULL, '2001-10-14 13:00:00', NULL, NULL, '21', NULL, NULL),
( 15,  54, 'EA', 207, NULL, '2001-10-14 16:00:00', NULL, NULL, '24', NULL, NULL),
( 16,  54, 'EA', 202, NULL, '2001-10-20 20:15:00', NULL, NULL, '27', NULL, NULL),
( 17,  54, 'EA', 211, NULL, '2001-10-21 14:30:00', NULL, NULL, '29', NULL, NULL),
( 18,  54, 'EA', 206, NULL, '2001-10-21 18:30:00', NULL, NULL, '26', NULL, NULL),
( 19,  54, 'EA', 208, NULL, '2001-10-21 15:00:00', NULL, NULL, '28', NULL, NULL),
( 20,  54, 'EA', 205, NULL, '2001-10-28 11:00:00', NULL, NULL, '33', NULL, NULL),
( 21,  54, 'EA', 210, NULL, '2001-10-28 14:15:00', NULL, NULL, '31', NULL, NULL),
( 22,  54, 'EA', 207, NULL, '2001-11-04 16:00:00', NULL, NULL, '32', NULL, NULL),
( 23,  54, 'EA', 202, NULL, '2001-11-10 20:15:00', NULL, NULL, '37', NULL, NULL),
( 24,  54, 'EA', 208, NULL, '2001-11-10 16:00:00', NULL, NULL, '38', NULL, NULL),
( 25,  54, 'EA', 209, NULL, '2001-11-10 17:15:00', NULL, NULL, '39', NULL, NULL),
( 26,  54, 'EA', 211, NULL, '2001-11-17 15:30:00', NULL, NULL, '41', NULL, NULL),
( 27,  54, 'EA', 207, NULL, '2001-11-18 16:00:00', NULL, NULL, '44', NULL, NULL),
( 28,  54, 'EA', 210, NULL, '2001-11-18 14:15:00', NULL, NULL, '43', NULL, NULL),
( 29,  54, 'EA', 210, NULL, '2001-11-25 14:15:00', NULL, NULL, '4R', NULL, NULL),
( 30,  54, 'EA', 211, NULL, '2001-12-01 13:30:00', NULL, NULL, '2R', NULL, NULL),
( 31,  54, 'EA', 207, NULL, '2001-12-02 16:00:00', NULL, NULL, '5R', NULL, NULL),
( 32,  54, 'EA', 202, NULL, '2001-12-08 19:00:00', NULL, NULL, '6R', NULL, NULL),
( 33,  54, 'EA', 205, NULL, '2001-12-09 13:00:00', NULL, NULL, '9R', NULL, NULL),
( 34,  54, 'EA', 208, NULL, '2001-12-09 15:00:00', NULL, NULL, '7R', NULL, NULL),
( 35,  54, 'EA', 211, NULL, '2001-12-15 15:30:00', NULL, NULL, '13R', NULL, NULL),
( 36,  54, 'EA', 210, NULL, '2001-12-15 14:15:00', NULL, NULL, '15R', NULL, NULL),
( 37,  54, 'EA', 206, NULL, '2001-12-16 18:30:00', NULL, NULL, '11R', NULL, NULL),
( 38,  54, 'EA', 209, NULL, '2002-01-19 17:15:00', '2002-03-02 17:15:00', NULL, '16R', NULL, NULL),
( 39,  54, 'EA', 205, NULL, '2002-01-20 11:00:00', NULL, NULL, '18R', NULL, NULL),
( 40,  54, 'EA', 208, NULL, '2002-01-20 15:00:00', NULL, NULL, '17R', NULL, NULL),
( 41,  54, 'EA', 211, NULL, '2002-01-26 15:30:00', NULL, NULL, '24R', NULL, NULL),
( 42,  54, 'EA', 202, NULL, '2002-01-26 19:00:00', NULL, NULL, '22R', NULL, NULL),
( 43,  54, 'EA', 206, NULL, '2002-01-27 18:30:00', NULL, NULL, '21R', NULL, NULL),
( 44,  54, 'EA', 209, NULL, '2002-02-16 17:15:00', NULL, NULL, '28R', NULL, NULL),
( 45,  54, 'EA', 210, NULL, '2002-02-16 13:30:00', NULL, NULL, '29R', NULL, NULL),
( 46,  54, 'EA', 205, NULL, '2002-02-17 13:00:00', NULL, NULL, '27R', NULL, NULL),
( 47,  54, 'EA', 207, NULL, '2002-02-17 09:30:00', NULL, NULL, '26R', NULL, NULL),
( 48,  54, 'EA', 201, NULL, '2002-02-24 18:00:00', NULL, NULL, '32R', NULL, NULL),
( 49,  54, 'EA', 206, NULL, '2002-02-24 18:30:00', NULL, NULL, '31R', NULL, NULL),
( 50,  54, 'EA', 208, NULL, '2002-02-24 15:00:00', NULL, NULL, '33R', NULL, NULL),
( 51,  54, 'EA', 210, NULL, '2002-03-09 13:30:00', NULL, NULL, '37R', NULL, NULL),
( 52,  54, 'EA', 205, NULL, '2002-03-10 11:00:00', NULL, NULL, '39R', NULL, NULL),
( 53,  54, 'EA', 207, NULL, '2002-03-10 13:30:00', NULL, NULL, '38R', NULL, NULL),
( 54,  54, 'EA', 209, NULL, '2002-03-16 17:15:00', NULL, NULL, '44R', NULL, NULL),
( 55,  54, 'EA', 206, NULL, '2002-03-17 19:30:00', NULL, NULL, '41R', NULL, NULL),
( 56,  54, 'EA', 208, NULL, '2002-03-17 15:00:00', NULL, NULL, '43R', NULL, NULL),
( 57,  60, '1', 201, NULL, '2002-04-17 18:00:00', NULL, NULL, 'HPDXX', NULL, NULL),
( 58, 154, 'EA', 214, NULL, '2002-09-14 20:00:00', NULL, NULL, '2', NULL, NULL),
( 59, 154, 'EA', 215, NULL, '2002-09-14 17:30:00', NULL, NULL, '3', NULL, NULL),
( 60, 154, 'EA', 210, NULL, '2002-09-22 16:30:00', NULL, NULL, '1', NULL, NULL),
( 61, 154, 'EA', 216, NULL, '2002-09-29 14:00:00', NULL, NULL, '6', NULL, NULL),
( 62, 154, 'EA', 212, NULL, '2002-09-29 16:00:00', '2002-12-08 00:00:00', NULL, '10', NULL, NULL),
( 63, 154, 'EA', 213, NULL, '2002-09-29 18:15:00', NULL, NULL, '7', NULL, NULL),
( 64, 154, 'EA', 214, NULL, '2002-10-12 20:00:00', NULL, NULL, '12', NULL, NULL),
( 65, 154, 'EA', 215, NULL, '2002-10-12 17:30:00', NULL, NULL, '11', NULL, NULL),
( 66, 154, 'EA', 212, NULL, '2002-10-13 13:00:00', NULL, NULL, '15', NULL, NULL),
( 67, 154, 'EA', 214, NULL, '2002-10-19 18:00:00', NULL, NULL, '17', NULL, NULL),
( 68, 154, 'EA', 203, NULL, '2002-10-19 18:00:00', NULL, NULL, '19', NULL, NULL),
( 69, 154, 'EA', 210, NULL, '2002-10-19 16:30:00', NULL, NULL, '20', NULL, NULL),
( 70, 154, 'EA', 215, NULL, '2002-10-26 17:30:00', NULL, NULL, '23', NULL, NULL),
( 71, 154, 'EA', 205, NULL, '2002-10-27 19:00:00', NULL, NULL, '25', NULL, NULL),
( 72, 154, 'EA', 212, NULL, '2002-10-27 11:00:00', NULL, NULL, '24', NULL, NULL),
( 73, 154, 'EA', 213, NULL, '2002-11-02 15:45:00', NULL, NULL, '29', NULL, NULL),
( 74, 154, 'EA', 216, NULL, '2002-11-10 11:30:00', NULL, NULL, '26', NULL, NULL),
( 75, 154, 'EA', 210, NULL, '2002-11-10 14:30:00', NULL, NULL, '30', NULL, NULL),
( 76, 154, 'EA', 205, NULL, '2002-11-17 13:00:00', NULL, NULL, '31', NULL, NULL),
( 77, 154, 'EA', 201, NULL, '2002-11-17 18:00:00', NULL, NULL, '35', NULL, NULL),
( 78, 154, 'EA', 212, NULL, '2002-11-17 18:15:00', NULL, NULL, '32', NULL, NULL),
( 79, 154, 'EA', 214, NULL, '2002-11-23 20:00:00', NULL, NULL, '37', NULL, NULL),
( 80, 154, 'EA', 215, NULL, '2002-11-23 17:30:00', NULL, NULL, '38', NULL, NULL),
( 81, 154, 'EA', 213, NULL, '2002-11-23 15:45:00', NULL, NULL, '41', NULL, NULL),
( 82, 154, 'EA', 210, NULL, '2002-11-24 16:30:00', NULL, NULL, '40', NULL, NULL),
( 83, 154, 'EA', 207, NULL, '2002-12-01 14:00:00', '2003-03-16 13:00:00', NULL, '36', NULL, NULL),
( 84, 154, 'EA', 204, NULL, '2002-12-07 12:00:00', NULL, NULL, '42', NULL, NULL),
( 85, 154, 'EA', 205, NULL, '2002-12-08 13:00:00', NULL, NULL, '43', NULL, NULL),
( 86, 154, 'EA', 203, NULL, '2002-12-14 18:00:00', NULL, NULL, '3R', NULL, NULL),
( 87, 154, 'EA', 207, NULL, '2002-12-15 16:00:00', NULL, NULL, '1R', NULL, NULL),
( 88, 154, 'EA', 214, NULL, '2003-01-18 18:00:00', NULL, NULL, '6R', NULL, NULL),
( 89, 154, 'EA', 215, NULL, '2003-01-18 20:15:00', NULL, NULL, '7R', NULL, NULL),
( 90, 154, 'EA', 210, NULL, '2003-01-19 13:00:00', NULL, NULL, '10R', NULL, NULL),
( 91, 154, 'EA', 210, NULL, '2003-01-25 16:00:00', NULL, NULL, '12R', NULL, NULL),
( 92, 154, 'EA', 207, NULL, '2003-01-26 14:00:00', NULL, NULL, '11R', NULL, NULL),
( 93, 154, 'EA', 205, NULL, '2003-02-01 19:00:00', NULL, NULL, '20R', NULL, NULL),
( 94, 154, 'EA', 215, NULL, '2003-02-01 19:30:00', NULL, NULL, '17R', NULL, NULL),
( 95, 154, 'EA', 212, NULL, '2003-02-02 17:00:00', NULL, NULL, '19R', NULL, NULL),
( 96, 154, 'EA', 210, NULL, '2003-02-08 14:30:00', NULL, NULL, '23R', NULL, NULL),
( 97, 154, 'EA', 213, NULL, '2003-02-08 15:45:00', NULL, NULL, '24R', NULL, NULL),
( 98, 154, 'EA', 203, NULL, '2003-02-09 16:00:00', NULL, NULL, '25R', NULL, NULL),
( 99, 154, 'EA', 213, NULL, '2003-02-22 14:00:00', NULL, NULL, '2R' , NULL, NULL),
(100, 154, 'EA', 205, NULL, '2003-02-23 13:00:00', NULL, NULL, '29R', NULL, NULL),
(101, 154, 'EA', 203, NULL, '2003-02-23 18:00:00', NULL, NULL, '30R', NULL, NULL),
(102, 154, 'EA', 212, NULL, '2003-02-23 15:00:00', NULL, NULL, '26R', NULL, NULL),
(103, 154, 'EA', 214, NULL, '2003-03-08 18:00:00', NULL, NULL, '32R', NULL, NULL),
(104, 154, 'EA', 213, NULL, '2003-03-08 15:45:00', NULL, NULL, '35R', NULL, NULL),
(105, 154, 'EA', 207, NULL, '2003-03-09 16:00:00', NULL, NULL, '31R', NULL, NULL),
(106, 154, 'EA', 213, NULL, '2003-03-22 16:00:00', NULL, NULL, '40R', NULL, NULL),
(107, 154, 'EA', 205, NULL, '2003-03-23 13:00:00', NULL, NULL, '37R', NULL, NULL),
(108, 154, 'EA', 203, NULL, '2003-03-23 18:00:00', NULL, NULL, '36R', NULL, NULL),
(109, 154, 'EA', 212, NULL, '2003-03-23 11:00:00', NULL, NULL, '38R', NULL, NULL),
(110, 154, 'EA', 214, NULL, '2003-03-29 20:00:00', NULL, NULL, '42R', NULL, NULL),
(111, 154, 'EA', 207, NULL, '2003-03-30 18:00:00', NULL, NULL, '41R', NULL, NULL),
(112, 154, 'EA', 215, NULL, '2003-03-30 16:30:00', NULL, NULL, '43R', NULL, NULL),
(113, 154, 'EA', 205, NULL, '2003-04-05 15:00:00', NULL, NULL, '15R', NULL, NULL),
(114, 160, '1', 203, NULL, '2003-05-18 16:00:00', NULL, NULL, 'HPD55', NULL, NULL),
(115, 253, 'WE', 212, NULL, '2003-09-13 18:30:00', NULL, NULL, '5', NULL, NULL),
(116, 253, 'WE', 220, NULL, '2003-09-13 20:00:00', NULL, NULL, '3', NULL, NULL),
(117, 253, 'WE', 217, NULL, '2003-09-13 20:00:00', NULL, NULL, '4', NULL, NULL),
(118, 253, 'WE', 218, NULL, '2003-09-14 11:30:00', NULL, NULL, '1', NULL, NULL),
(119, 253, 'WE', 221, NULL, '2003-09-16 20:15:00', NULL, NULL, '2', NULL, NULL),
(120, 253, 'WE', 222, NULL, '2003-09-20 16:00:00', NULL, NULL, '7', NULL, NULL),
(121, 253, 'WE', 201, NULL, '2003-09-21 20:00:00', NULL, NULL, '9', NULL, NULL),
(122, 253, 'WE', 206, NULL, '2003-09-21 18:30:00', NULL, NULL, '6', NULL, NULL),
(123, 253, 'WE', 219, NULL, '2003-09-21 16:00:00', '2003-10-20 00:00:00', NULL, '8', NULL, NULL),
(124, 253, 'WE', 212, NULL, '2003-09-21 16:00:00', NULL, NULL, '10', NULL, NULL),
(125, 253, 'WE', 212, NULL, '2003-09-27 18:30:00', NULL, NULL, '14', NULL, NULL),
(126, 253, 'WE', 220, NULL, '2003-09-27 20:00:00', NULL, NULL, '11', NULL, NULL),
(127, 253, 'WE', 217, NULL, '2003-09-27 20:00:00', NULL, NULL, '13', NULL, NULL),
(128, 253, 'WE', 212, NULL, '2003-09-28 15:00:00', '2003-09-28 17:00:00', NULL, '15', NULL, NULL),
(129, 253, 'WE', 221, NULL, '2003-09-30 20:15:00', NULL, NULL, '12', NULL, NULL),
(130, 253, 'WE', 218, NULL, '2003-10-05 14:00:00', NULL, NULL, '20', NULL, NULL),
(131, 253, 'WE', 214, NULL, '2003-10-05 20:00:00', NULL, NULL, '18', NULL, NULL),
(132, 253, 'WE', 206, NULL, '2003-10-05 18:30:00', NULL, NULL, '16', NULL, NULL),
(133, 253, 'WE', 219, NULL, '2003-10-05 16:00:00', NULL, NULL, '19', NULL, NULL),
(134, 253, 'WE', 221, NULL, '2003-10-07 20:15:00', NULL, NULL, '17', NULL, NULL),
(135, 253, 'WE', 201, NULL, '2003-10-11 19:30:00', NULL, NULL, '25', NULL, NULL),
(136, 253, 'WE', 212, NULL, '2003-10-11 18:30:00', NULL, NULL, '21', NULL, NULL),
(137, 253, 'WE', 220, NULL, '2003-10-11 16:00:00', NULL, NULL, '23', NULL, NULL),
(138, 253, 'WE', 217, NULL, '2003-10-11 20:00:00', NULL, NULL, '22', NULL, NULL),
(139, 253, 'WE', 212, NULL, '2003-10-12 17:00:00', NULL, NULL, '24', NULL, NULL),
(140, 253, 'WE', 220, NULL, '2003-10-18 18:00:00', NULL, NULL, '28', NULL, NULL),
(141, 253, 'WE', 214, NULL, '2003-10-19 18:00:00', NULL, NULL, '29', NULL, NULL),
(142, 253, 'WE', 218, NULL, '2003-11-02 11:30:00', NULL, NULL, '30', NULL, NULL),
(143, 253, 'WE', 206, NULL, '2003-11-02 18:30:00', NULL, NULL, '26', NULL, NULL),
(144, 253, 'WE', 221, NULL, '2003-11-04 20:15:00', NULL, NULL, '27', NULL, NULL),
(145, 253, 'WE', 212, NULL, '2003-11-08 18:30:00', NULL, NULL, '33', NULL, NULL),
(146, 253, 'WE', 217, NULL, '2003-11-08 20:00:00', NULL, NULL, '34', NULL, NULL),
(147, 253, 'WE', 203, NULL, '2003-11-09 20:00:00', NULL, NULL, '31', NULL, NULL),
(148, 253, 'WE', 219, NULL, '2003-11-09 16:00:00', NULL, NULL, '35', NULL, NULL),
(149, 253, 'WE', 212, NULL, '2003-11-09 18:15:00', NULL, NULL, '32', NULL, NULL),
(150, 253, 'WE', 220, NULL, '2003-11-15 18:00:00', NULL, NULL, '38', NULL, NULL),
(151, 253, 'WE', 217, NULL, '2003-11-15 20:00:00', '2003-12-20 20:00:00', NULL, '39', NULL, NULL),
(152, 253, 'WE', 218, NULL, '2003-11-16 11:30:00', NULL, NULL, '40', NULL, NULL),
(153, 253, 'WE', 206, NULL, '2003-11-16 18:30:00', NULL, NULL, '36', NULL, NULL),
(154, 253, 'WE', 221, NULL, '2003-11-18 20:15:00', NULL, NULL, '37', NULL, NULL),
(155, 253, 'WE', 212, NULL, '2003-11-22 18:30:00', NULL, NULL, '45', NULL, NULL),
(156, 253, 'WE', 203, NULL, '2003-11-23 18:00:00', NULL, NULL, '43', NULL, NULL),
(157, 253, 'WE', 219, NULL, '2003-11-23 18:00:00', NULL, NULL, '42', NULL, NULL),
(158, 253, 'WE', 212, NULL, '2003-11-23 15:00:00', NULL, NULL, '44', NULL, NULL),
(159, 253, 'WE', 214, NULL, '2003-11-30 14:00:00', NULL, NULL, '41', NULL, NULL),
(160, 253, 'WE', 222, NULL, '2003-12-07 20:00:00', NULL, NULL, '2R', NULL, NULL),
(161, 253, 'WE', 203, NULL, '2003-12-07 20:00:00', NULL, NULL, '4R', NULL, NULL),
(162, 253, 'WE', 206, NULL, '2003-12-07 18:30:00', NULL, NULL, '1R', NULL, NULL),
(163, 253, 'WE', 219, NULL, '2003-12-07 16:00:00', NULL, NULL, '3R', NULL, NULL),
(164, 253, 'WE', 212, NULL, '2003-12-07 19:00:00', NULL, NULL, '5R', NULL, NULL),
(165, 253, 'WE', 212, NULL, '2003-12-13 18:30:00', NULL, NULL, '9R', NULL, NULL),
(166, 253, 'WE', 220, NULL, '2003-12-13 16:00:00', NULL, NULL, '7R', NULL, NULL),
(167, 253, 'WE', 217, NULL, '2003-12-13 20:00:00', NULL, NULL, '8R', NULL, NULL),
(168, 253, 'WE', 218, NULL, '2003-12-14 11:30:00', NULL, NULL, '10R', NULL, NULL),
(169, 253, 'WE', 221, NULL, '2003-12-16 20:15:00', NULL, NULL, '6R', NULL, NULL),
(170, 253, 'WE', 222, NULL, '2004-01-17 20:00:00', NULL, NULL, '13R', NULL, NULL),
(171, 253, 'WE', 218, NULL, '2004-01-18 11:30:00', NULL, NULL, '12R', NULL, NULL),
(172, 253, 'WE', 201, NULL, '2004-01-18 20:00:00', NULL, NULL, '15R', NULL, NULL),
(173, 253, 'WE', 206, NULL, '2004-01-18 18:30:00', NULL, NULL, '11R', NULL, NULL),
(174, 253, 'WE', 219, NULL, '2004-01-18 16:00:00', NULL, NULL, '14R', NULL, NULL),
(175, 253, 'WE', 212, NULL, '2004-01-24 18:30:00', NULL, NULL, '18R', NULL, NULL),
(176, 253, 'WE', 217, NULL, '2004-01-24 20:00:00', NULL, NULL, '16R', NULL, NULL),
(177, 253, 'WE', 203, NULL, '2004-01-25 20:00:00', NULL, NULL, '20R', NULL, NULL),
(178, 253, 'WE', 212, NULL, '2004-01-25 18:15:00', NULL, NULL, '19R', NULL, NULL),
(179, 253, 'WE', 220, NULL, '2004-01-25 20:00:00', NULL, NULL, '17R', NULL, NULL),
(180, 253, 'WE', 214, NULL, '2004-01-31 18:00:00', NULL, NULL, '24R', NULL, NULL),
(181, 253, 'WE', 218, NULL, '2004-02-01 11:30:00', NULL, NULL, '23R', NULL, NULL),
(182, 253, 'WE', 206, NULL, '2004-02-01 18:30:00', NULL, NULL, '21R', NULL, NULL),
(183, 253, 'WE', 221, NULL, '2004-02-03 20:15:00', NULL, NULL, '22R', NULL, NULL),
(184, 253, 'WE', 219, NULL, '2004-02-08 16:00:00', NULL, NULL, '25R', NULL, NULL),
(185, 253, 'WE', 212, NULL, '2004-02-14 18:30:00', NULL, NULL, '27R', NULL, NULL),
(186, 253, 'WE', 217, NULL, '2004-02-14 20:00:00', NULL, NULL, '28R', NULL, NULL),
(187, 253, 'WE', 201, NULL, '2004-02-15 18:00:00', NULL, NULL, '29R', NULL, NULL),
(188, 253, 'WE', 219, NULL, '2004-02-15 20:00:00', NULL, NULL, '30R', NULL, NULL),
(189, 253, 'WE', 212, NULL, '2004-02-15 15:00:00', NULL, NULL, '26R', NULL, NULL),
(190, 253, 'WE', 214, NULL, '2004-02-29 18:00:00', NULL, NULL, '35R', NULL, NULL),
(191, 253, 'WE', 206, NULL, '2004-02-29 18:30:00', NULL, NULL, '31R', NULL, NULL),
(192, 253, 'WE', 220, NULL, '2004-03-06 18:00:00', NULL, NULL, '33R', NULL, NULL),
(193, 253, 'WE', 218, NULL, '2004-03-07 11:30:00', NULL, NULL, '34R', NULL, NULL),
(194, 253, 'WE', 221, NULL, '2004-03-09 20:15:00', NULL, NULL, '32R', NULL, NULL),
(195, 253, 'WE', 212, NULL, '2004-03-13 18:30:00', NULL, NULL, '39R', NULL, NULL),
(196, 253, 'WE', 222, NULL, '2004-03-14 18:00:00', NULL, NULL, '40R', NULL, NULL),
(197, 253, 'WE', 203, NULL, '2004-03-14 18:00:00', NULL, NULL, '37R', NULL, NULL),
(198, 253, 'WE', 219, NULL, '2004-03-14 16:00:00', NULL, NULL, '36R', NULL, NULL),
(199, 253, 'WE', 212, NULL, '2004-03-14 13:00:00', NULL, NULL, '38R', NULL, NULL),
(200, 253, 'WE', 220, NULL, '2004-03-20 18:00:00', NULL, NULL, '43R', NULL, NULL),
(201, 253, 'WE', 218, NULL, '2004-03-21 11:30:00', NULL, NULL, '45R', NULL, NULL),
(202, 253, 'WE', 206, NULL, '2004-03-21 18:30:00', NULL, NULL, '41R', NULL, NULL),
(203, 253, 'WE', 217, NULL, '2004-03-21 12:00:00', NULL, NULL, '44R', NULL, NULL),
(204, 253, 'WE', 221, NULL, '2004-03-23 20:15:00', NULL, NULL, '42R', NULL, NULL),
(205,1853,'WE',308,NULL,'2019-09-14 18:00:00',NULL,NULL,'4',NULL,NULL),
(206,1853,'WE',212,NULL,'2019-09-14 18:00:00',NULL,NULL,'2',NULL,NULL),
(207,1853,'WE',229,NULL,'2019-09-15 15:00:00',NULL,NULL,'5',NULL,NULL),
(208,1853,'WE',232,NULL,'2019-09-15 15:00:00',NULL,NULL,'1',NULL,NULL),
(209,1853,'WE',298,NULL,'2019-09-22 13:00:00',NULL,NULL,'9',NULL,NULL),
(210,1853,'WE',212,NULL,'2019-09-22 17:00:00',NULL,NULL,'6',NULL,NULL),
(211,1853,'WE',219,NULL,'2019-09-15 18:00:00',NULL,NULL,'10',NULL,NULL),
(212,1853,'WE',227,NULL,'2019-09-22 18:00:00',NULL,NULL,'8',NULL,NULL),
(213,1853,'WE',212,NULL,'2019-10-19 18:00:00',NULL,NULL,'12',NULL,NULL),
(214,1853,'WE',298,NULL,'2019-10-20 13:00:00',NULL,NULL,'14',NULL,NULL),
(215,1853,'WE',201,NULL,'2019-10-20 14:00:00',NULL,NULL,'13',NULL,NULL),
(216,1853,'WE',232,NULL,'2019-10-20 15:00:00',NULL,NULL,'11',NULL,NULL),
(217,1853,'WE',227,NULL,'2019-10-25 19:00:00',NULL,NULL,'18',NULL,NULL),
(218,1853,'WE',308,NULL,'2019-10-26 18:00:00',NULL,NULL,'19',NULL,NULL),
(219,1853,'WE',219,NULL,'2019-10-27 18:00:00',NULL,NULL,'20',NULL,NULL),
(220,1853,'WE',212,NULL,'2019-10-27 18:00:00',NULL,NULL,'16',NULL,NULL),
(221,1853,'WE',212,NULL,'2019-11-02 18:00:00',NULL,NULL,'22',NULL,NULL),
(222,1853,'WE',232,NULL,'2019-11-02 18:00:00',NULL,NULL,'21',NULL,NULL),
(223,1853,'WE',229,NULL,'2019-11-03 13:00:00',NULL,NULL,'25',NULL,NULL),
(224,1853,'WE',298,NULL,'2019-11-03 13:00:00',NULL,NULL,'24',NULL,NULL),
(225,1853,'WE',308,NULL,'2019-11-09 18:00:00',NULL,NULL,'29',NULL,NULL),
(226,1853,'WE',201,NULL,'2019-11-10 14:00:00',NULL,NULL,'28',NULL,NULL),
(227,1853,'WE',212,NULL,'2019-11-10 18:00:00',NULL,NULL,'26',NULL,NULL),
(228,1853,'WE',219,NULL,'2019-11-10 20:00:00',NULL,NULL,'30',NULL,NULL),
(229,1853,'WE',229,NULL,'2019-11-16 13:00:00',NULL,NULL,'35',NULL,NULL),
(230,1853,'WE',227,NULL,'2019-11-16 17:30:00',NULL,NULL,'33',NULL,NULL),
(231,1853,'WE',232,NULL,'2019-11-16 18:00:00',NULL,NULL,'31',NULL,NULL),
(232,1853,'WE',298,NULL,'2019-11-17 18:00:00',NULL,NULL,'34',NULL,NULL),
(233,1853,'WE',308,NULL,'2019-11-23 18:00:00',NULL,NULL,'39',NULL,NULL),
(234,1853,'WE',212,NULL,'2019-11-23 18:00:00',NULL,NULL,'37',NULL,NULL),
(235,1853,'WE',201,NULL,'2019-11-24 14:00:00',NULL,NULL,'38',NULL,NULL),
(236,1853,'WE',232,NULL,'2019-11-24 15:00:00',NULL,NULL,'36',NULL,NULL),
(237,1853,'WE',298,NULL,'2019-11-30 18:00:00',NULL,NULL,'44',NULL,NULL),
(238,1853,'WE',227,NULL,'2019-11-30 20:00:00',NULL,NULL,'43',NULL,NULL),
(239,1853,'WE',212,NULL,'2019-12-01 18:00:00',NULL,NULL,'41',NULL,NULL),
(240,1853,'WE',229,NULL,'2019-12-01 19:00:00',NULL,NULL,'45',NULL,NULL),
(241,1853,'WE',227,NULL,'2019-12-06 19:00:00',NULL,NULL,'47',NULL,NULL),
(242,1853,'WE',298,NULL,'2019-12-07 15:00:00',NULL,NULL,'50',NULL,NULL),
(243,1853,'WE',212,NULL,'2019-12-08 18:00:00',NULL,NULL,'49',NULL,NULL),
(244,1853,'WE',219,NULL,'2019-12-08 20:00:00',NULL,NULL,'46',NULL,NULL),
(245,1853,'WE',308,NULL,'2019-12-14 16:00:00',NULL,NULL,'55',NULL,NULL),
(246,1853,'WE',229,NULL,'2019-12-15 14:00:00',NULL,NULL,'53',NULL,NULL),
(247,1853,'WE',201,NULL,'2019-12-15 14:00:00',NULL,NULL,'51',NULL,NULL),
(248,1853,'WE',232,NULL,'2019-12-15 15:00:00',NULL,NULL,'54',NULL,NULL),
(249,1853,'WE',308,NULL,'2020-01-18 18:00:00',NULL,NULL,'56',NULL,NULL),
(250,1853,'WE',227,NULL,'2020-01-19 18:00:00',NULL,NULL,'59',NULL,NULL),
(251,1853,'WE',219,NULL,'2020-01-19 18:00:00',NULL,NULL,'58',NULL,NULL),
(252,1853,'WE',212,NULL,'2020-01-19 18:00:00',NULL,NULL,'57',NULL,NULL),
(253,1853,'WE',212,NULL,'2020-01-25 18:00:00',NULL,NULL,'65',NULL,NULL),
(254,1853,'WE',232,NULL,'2020-01-26 15:00:00',NULL,NULL,'63',NULL,NULL),
(255,1853,'WE',229,NULL,'2020-01-26 18:00:00',NULL,NULL,'61',NULL,NULL),
(256,1853,'WE',308,NULL,'2020-02-01 18:00:00',NULL,NULL,'67',NULL,NULL),
(257,1853,'WE',201,NULL,'2020-02-02 14:00:00',NULL,NULL,'66',NULL,NULL),
(258,1853,'WE',212,NULL,'2020-02-02 14:00:00',NULL,NULL,'69',NULL,NULL),
(259,1853,'WE',229,NULL,'2020-02-16 18:00:00',NULL,NULL,'74',NULL,NULL),
(260,1853,'WE',298,NULL,'2020-02-16 14:00:00',NULL,NULL,'75',NULL,NULL),
(261,1853,'WE',227,NULL,'2020-02-15 18:00:00',NULL,NULL,'71',NULL,NULL),
(262,1853,'WE',212,NULL,'2020-02-15 18:00:00',NULL,NULL,'73',NULL,NULL),
(263,1853,'WE',212,NULL,'2020-02-29 18:00:00',NULL,NULL,'76',NULL,NULL),
(264,1853,'WE',201,NULL,'2020-03-01 16:00:00',NULL,NULL,'80',NULL,NULL),
(265,1853,'WE',219,NULL,'2020-03-01 18:00:00',NULL,NULL,'78',NULL,NULL),
(266,1853,'WE',219,NULL,'2020-02-01 14:00:00','2020-03-08 20:00:00',NULL,'70',NULL,NULL),
(267,1853,'WE',201,NULL,'2020-02-02 16:00:00','2020-03-09 20:00:00',NULL,'64',NULL,NULL),
(268,1853,'WE',227,NULL,'2020-03-14 14:00:00',NULL,NULL,'84',NULL,NULL),
(269,1853,'WE',229,NULL,'2020-03-15 12:00:00',NULL,NULL,'82',NULL,NULL),
(270,1853,'WE',298,NULL,'2020-03-15 17:00:00',NULL,NULL,'83',NULL,NULL),
(271,1853,'WE',212,NULL,'2020-03-15 18:00:00',NULL,NULL,'81',NULL,NULL),
(272,1853,'WE',308,NULL,'2020-02-29 18:30:00',NULL,NULL,'79',NULL,NULL),
(274,1853,'WE',212,NULL,'2020-03-21 18:00:00',NULL,NULL,'89',NULL,NULL),
(275,1853,'WE',201,NULL,'2020-03-22 14:00:00',NULL,NULL,'88',NULL,NULL),
(276,1853,'WE',232,NULL,'2020-03-22 15:00:00',NULL,NULL,'90',NULL,NULL),
(277,1853,'WE',219,NULL,'2020-03-22 15:45:00',NULL,NULL,'86',NULL,NULL);

INSERT INTO bbstatstest.Rosters (`id`, `club_id`, `team_type_code`, `team_ordinal_nbr`, `season_start_year`, `primary_jersey_color_name`, `secondary_jersey_color_name`, `image_path`) VALUES
(1,101,'O20M',1,2001,'blue',NULL,NULL),
(2,102,'O20M',3,2001,'red',NULL,NULL),
(3,103,'O20M',2,2001,'white',NULL,NULL),
(4,104,'O20M',2,2001,'blue',NULL,NULL),
(5,105,'O20M',1,2001,'white',NULL,NULL),
(6,106,'O20M',2,2001,'blue',NULL,NULL),
(7,107,'O20M',1,2001,'blue',NULL,NULL),
(8,108,'O20M',3,2001,'blue',NULL,NULL),
(9,109,'O20M',1,2001,'yellow',NULL,NULL),
(10,101,'O20M',1,2002,'blue',NULL,NULL),
(11,102,'O20M',3,2002,'black',NULL,NULL),
(12,104,'O20M',2,2002,'blue',NULL,NULL),
(13,107,'O20M',1,2002,'white',NULL,NULL),
(14,110,'O20M',2,2002,'blue',NULL,NULL),
(15,111,'O20M',2,2002,NULL,NULL,NULL),
(16,112,'O20M',3,2002,'blue',NULL,NULL),
(17,113,'O20M',2,2002,NULL,NULL,NULL),
(18,114,'O20M',2,2002,'blue',NULL,NULL),
(32,101,'O20M',1,2003,'blue',NULL,'tv_dieburg-mo20-1-2003.jpg'),
(33,109,'O20M',1,2003,'yellow',NULL,NULL),
(34,115,'O20M',5,2003,'black',NULL,NULL),
(35,116,'O20M',5,2003,'yellow',NULL,NULL),
(36,117,'O20M',2,2003,'white',NULL,NULL),
(37,118,'O20M',2,2003,'yellow',NULL,NULL),
(38,119,'O20M',1,2003,'blue',NULL,NULL),
(39,110,'O20M',1,2003,'blue',NULL,NULL),
(40,103,'O20M',1,2003,'black',NULL,NULL),
(41,112,'O20M',2,2003,'blue',NULL,NULL),
(42,101,'O20M',1,2019,'white','blue',NULL),
(43,117,'O20M',2,2019,'red',NULL,NULL),
(44,110,'O20M',2,2019,'yellow',NULL,NULL),
(46,123,'O20M',2,2019,'green',NULL,NULL),
(48,126,'O20M',2,2019,'white',NULL,NULL),
(51,109,'O20M',2,2019,'black',NULL,NULL),
(52,101,'O20M',2,2019,'blue','white',NULL),
(53,122,'O20M',3,2019,'blue',NULL,NULL),
(54,240,'O20M',2,2019,'black',NULL,NULL),
(55,241,'O20M',1,2019,'white',NULL,NULL),
(56,121,'O20M',1,2019,'blue',NULL,NULL),
(57,102,'O20M',3,2019,'black',NULL,NULL),
(58,112,'O20M',3,2019,'white',NULL,NULL),
(59,116,'O20M',5,2019,'blue',NULL,NULL),
(60,122,'O20M',2,2019,'orange',NULL,NULL),
(61,118,'O20M',2,2019,'yellow',NULL,NULL),
(62,124,'O20M',3,2019,'red',NULL,NULL),
(63,104,'O20M',2,2019,'white',NULL,NULL),
(64,108,'O20M',3,2019,'purple',NULL,NULL),
(65,331,'O20M',1,2019,'black',NULL,NULL),
(66,335,'O20M',1,2019,NULL,NULL,NULL),
(67,335,'O20M',2,2019,'yellow',NULL,NULL);

INSERT INTO bbstatstest.GroupMembers (`roster_id`, `round_id`, `group_code`, `withdrawn`) VALUES
(1,54,'EA',0),
(1,60,'1',0),
(2,54,'EA',0),
(3,54,'EA',0),
(4,54,'EA',0),
(5,54,'EA',0),
(6,54,'EA',0),
(7,54,'EA',0),
(8,54,'EA',1),
(9,60,'1',0),
(10,154,'EA',0),
(10,160,'1',0),
(11,154,'EA',0),
(12,154,'EA',0),
(13,154,'EA',0),
(14,154,'EA',0),
(15,154,'EA',0),
(16,154,'EA',0),
(17,154,'EA',1),
(18,160,'1',0),
(32,253,'WE',0),
(33,253,'WE',0),
(34,253,'WE',0),
(35,253,'WE',0),
(36,253,'WE',0),
(37,253,'WE',0),
(38,253,'WE',0),
(39,253,'WE',0),
(40,253,'WE',0),
(41,253,'WE',0),
(42,1853,'WE',0),
(43,1853,'WE',0),
(44,1853,'WE',0),
(46,1853,'WE',0),
(48,1853,'WE',0),
(51,1853,'WE',0),
(54,1853,'WE',0),
(55,1853,'WE',0),
(56,1853,'WE',0),
(52,1854,'EA',0),
(58,1854,'EA',0),
(59,1854,'EA',0),
(60,1854,'EA',0),
(61,1854,'EA',0),
(62,1854,'EA',0),
(63,1854,'EA',0),
(64,1854,'EA',0),
(65,1854,'EA',0),
(67,1854,'EA',0);

INSERT INTO bbstatstest.TeamMembers (player_id, roster_id, position, eligible_to_play_since, image_path) VALUES
(1,1,'SHOOTING_GUARD',NULL,NULL),
(1,10,'SHOOTING_GUARD',NULL,NULL),
(1,32,'SHOOTING_GUARD',NULL,NULL),
(1,42,'SHOOTING_GUARD',NULL,NULL),
(2,1,'POWER_FORWARD',NULL,NULL),
(2,10,'POWER_FORWARD',NULL,NULL),
(2,32,'POWER_FORWARD',NULL,NULL),
(3,1,'POINT_GUARD',NULL,NULL),
(4,1,'POWER_FORWARD',NULL,NULL),
(4,10,'POWER_FORWARD',NULL,NULL),
(4,32,'POWER_FORWARD',NULL,NULL),
(5,1,'POINT_GUARD',NULL,NULL),
(5,10,'POINT_GUARD',NULL,NULL),
(5,32,'POINT_GUARD',NULL,NULL),
(6,1,'CENTER',NULL,NULL),
(6,10,'CENTER',NULL,NULL),
(7,1,'POINT_GUARD',NULL,NULL),
(7,10,'POINT_GUARD',NULL,NULL),
(7,32,'POINT_GUARD',NULL,NULL),
(8,1,'SMALL_FORWARD',NULL,NULL),
(8,10,'SMALL_FORWARD',NULL,NULL),
(8,32,'SMALL_FORWARD',NULL,NULL),
(8,42,'SMALL_FORWARD',NULL,NULL),
(9,1,'POINT_GUARD',NULL,NULL),
(9,10,'POINT_GUARD',NULL,NULL),
(10,1,'POINT_GUARD',NULL,NULL),
(10,10,'POINT_GUARD',NULL,NULL),
(10,32,'POINT_GUARD',NULL,NULL),
(11,1,'SHOOTING_GUARD',NULL,NULL),
(11,10,'SHOOTING_GUARD',NULL,NULL),
(11,32,'SHOOTING_GUARD',NULL,NULL),
(13,10,'CENTER',NULL,NULL),
(13,32,'CENTER',NULL,NULL),
(14,10,'SMALL_FORWARD',NULL,NULL),
(14,32,'SMALL_FORWARD',NULL,NULL),
(15,10,'SHOOTING_GUARD',NULL,NULL),
(15,32,'SHOOTING_GUARD',NULL,NULL),
(16,10,'SMALL_FORWARD',NULL,NULL),
(16,32,'SHOOTING_GUARD',NULL,NULL),
(17,10,'SHOOTING_GUARD',NULL,NULL),
(17,32,'SHOOTING_GUARD',NULL,NULL),
(17,42,'SHOOTING_GUARD',NULL,NULL),
(18,10,'SMALL_FORWARD',NULL,NULL),
(18,32,'SMALL_FORWARD',NULL,NULL),
(19,10,'SHOOTING_GUARD',NULL,NULL),
(20,10,'CENTER',NULL,NULL),
(20,32,'CENTER',NULL,NULL),
(21,32,'SMALL_FORWARD',NULL,NULL),
(22,32,'POINT_GUARD',NULL,NULL),
(23,32,'SHOOTING_GUARD',NULL,NULL),
(24,32,'SHOOTING_GUARD',NULL,NULL),
(25,32,'SMALL_FORWARD',NULL,NULL),
(26,32,'POINT_GUARD',NULL,NULL),
(246,42,'POWER_FORWARD',NULL,NULL),
(247,42,'POINT_GUARD',NULL,NULL),
(248,42,'CENTER',NULL,NULL),
(249,42,'POWER_FORWARD',NULL,NULL),
(250,42,'POINT_GUARD',NULL,NULL),
(251,42,'SMALL_FORWARD',NULL,NULL),
(252,42,'POINT_GUARD',NULL,NULL),
(253,42,'SMALL_FORWARD',NULL,NULL),
(254,42,'SHOOTING_GUARD',NULL,NULL),
(255,42,'POINT_GUARD',NULL,NULL),
(256,42,'SMALL_FORWARD',NULL,NULL),
(257,42,'POINT_GUARD',NULL,NULL),
(258,42,'SHOOTING_GUARD',NULL,NULL),
(259,42,'POWER_FORWARD',NULL,NULL)
;

INSERT INTO bbstatstest.StaffMembers (`coach_id`, `roster_id`, `role`, `image_path`) VALUES
(12, 10, 'HEAD_COACH', NULL),
(12, 32, 'HEAD_COACH', NULL);

INSERT INTO bbstatstest.Scores (`game_id`, `is_home`, `roster_id`, `final_score`) VALUES
(1, 0, 7, 60),
(1, 1, 6, 97),
(2, 0, 4, 38),
(2, 1, 2, 60),
(3, 0, 8, NULL),
(3, 1, 1, NULL),
(4, 0, 5, NULL),
(4, 1, 8, NULL),
(5, 0, 1, 71),
(5, 1, 3, 93),
(6, 0, 2, 70),
(6, 1, 7, 46),
(7, 0, 3, 85),
(7, 1, 5, 71),
(8, 0, 8, NULL),
(8, 1, 6, NULL),
(9, 0, 7, 59),
(9, 1, 4, 60),
(10, 0, 2, NULL),
(10, 1, 8, NULL),
(11, 0, 5, 80),
(11, 1, 1, 77),
(12, 0, 6, 67),
(12, 1, 3, 81),
(13, 0, 1, 65),
(13, 1, 6, 71),
(14, 0, 3, 100),
(14, 1, 2, 67),
(15, 0, 8, NULL),
(15, 1, 4, NULL),
(16, 0, 2, 90),
(16, 1, 1, 88),
(17, 0, 7, NULL),
(17, 1, 8, NULL),
(18, 0, 4, 45),
(18, 1, 3, 90),
(19, 0, 6, 72),
(19, 1, 5, 67),
(20, 0, 5, 71),
(20, 1, 2, 88),
(21, 0, 3, 65),
(21, 1, 7, 58),
(22, 0, 1, 58),
(22, 1, 4, 51),
(23, 0, 7, 75),
(23, 1, 1, 71),
(24, 0, 4, 54),
(24, 1, 5, 81),
(25, 0, 2, 67),
(25, 1, 6, 97),
(26, 0, 3, NULL),
(26, 1, 8, NULL),
(27, 0, 6, 75),
(27, 1, 4, 36),
(28, 0, 5, 73),
(28, 1, 7, 78),
(29, 0, 6, 65),
(29, 1, 7, 59),
(30, 0, 1, NULL),
(30, 1, 8, NULL),
(31, 0, 2, 52),
(31, 1, 4, 49),
(32, 0, 3, 86),
(32, 1, 1, 89),
(33, 0, 7, 58),
(33, 1, 2, 61),
(34, 0, 8, NULL),
(34, 1, 5, NULL),
(35, 0, 6, NULL),
(35, 1, 8, NULL),
(36, 0, 4, 41),
(36, 1, 7, 98),
(37, 0, 5, 96),
(37, 1, 3, 87),
(38, 0, 3, 86),
(38, 1, 6, 75),
(39, 0, 8, NULL),
(39, 1, 2, NULL),
(40, 0, 1, 62),
(40, 1, 5, 71),
(41, 0, 4, NULL),
(41, 1, 8, NULL),
(42, 0, 6, 60),
(42, 1, 1, 64),
(43, 0, 2, 81),
(43, 1, 3, 88),
(44, 0, 5, 0),
(44, 1, 6, 20),
(45, 0, 8, NULL),
(45, 1, 7, NULL),
(46, 0, 1, 73),
(46, 1, 2, 101),
(47, 0, 3, 65),
(47, 1, 4, 39),
(48, 0, 4, 43),
(48, 1, 1, 50),
(49, 0, 7, 54),
(49, 1, 3, 76),
(50, 0, 2, 89),
(50, 1, 5, 66),
(51, 0, 1, 88),
(51, 1, 7, 60),
(52, 0, 6, 77),
(52, 1, 2, 66),
(53, 0, 5, 74),
(53, 1, 4, 60),
(54, 0, 4, 48),
(54, 1, 6, 88),
(55, 0, 8, NULL),
(55, 1, 3, NULL),
(56, 0, 7, 75),
(56, 1, 5, 81),
(57, 0, 9, 89),
(57, 1, 1, 68),
(58, 0, 15, 76),
(58, 1, 16, 84),
(59, 0, 10, NULL),
(59, 1, 17, NULL),
(60, 0, 12, 39),
(60, 1, 13, 85),
(61, 0, 16, 98),
(61, 1, 12, 51),
(62, 0, 13, 45),
(62, 1, 14, 60),
(63, 0, 17, NULL),
(63, 1, 15, NULL),
(64, 0, 13, 92),
(64, 1, 16, 75),
(65, 0, 12, NULL),
(65, 1, 17, NULL),
(66, 0, 11, 51),
(66, 1, 14, 62),
(67, 0, 17, NULL),
(67, 1, 16, NULL),
(68, 0, 14, 75),
(68, 1, 10, 80),
(69, 0, 11, 62),
(69, 1, 13, 50),
(70, 0, 13, NULL),
(70, 1, 17, NULL),
(71, 0, 10, 89),
(71, 1, 11, 55),
(72, 0, 15, 72),
(72, 1, 14, 82),
(73, 0, 11, 64),
(73, 1, 15, 43),
(74, 0, 14, 96),
(74, 1, 12, 53),
(75, 0, 10, 56),
(75, 1, 13, 50),
(76, 0, 12, 54),
(76, 1, 11, 93),
(77, 0, 15, 46),
(77, 1, 10, 100),
(78, 0, 16, 56),
(78, 1, 14, 70),
(79, 0, 11, 62),
(79, 1, 16, 57),
(80, 0, 14, NULL),
(80, 1, 17, NULL),
(81, 0, 12, 57),
(81, 1, 15, 88),
(82, 0, 15, 49),
(82, 1, 13, 78),
(83, 0, 10, 97),
(83, 1, 12, 37),
(84, 0, 16, 57),
(84, 1, 10, 94),
(85, 0, 17, NULL),
(85, 1, 11, NULL),
(86, 0, 17, NULL),
(86, 1, 10, NULL),
(87, 0, 13, 87),
(87, 1, 12, 50),
(88, 0, 12, 48),
(88, 1, 16, 90),
(89, 0, 15, NULL),
(89, 1, 17, NULL),
(90, 0, 14, 74),
(90, 1, 13, 62),
(91, 0, 16, 92),
(91, 1, 13, 61),
(92, 0, 17, NULL),
(92, 1, 12, NULL),
(93, 0, 13, 63),
(93, 1, 11, 67),
(94, 0, 16, NULL),
(94, 1, 17, NULL),
(95, 0, 10, 59),
(95, 1, 14, 58),
(96, 0, 17, NULL),
(96, 1, 13, NULL),
(97, 0, 14, 75),
(97, 1, 15, 52),
(98, 0, 11, 40),
(98, 1, 10, 69),
(99, 0, 16, 104),
(99, 1, 15, 73),
(100, 0, 15, 40),
(100, 1, 11, 70),
(101, 0, 13, 68),
(101, 1, 10, 89),
(102, 0, 12, 0),
(102, 1, 14, 20),
(103, 0, 14, 71),
(103, 1, 16, 68),
(104, 0, 10, 83),
(104, 1, 15, 34),
(105, 0, 11, 78),
(105, 1, 12, 36),
(106, 0, 13, 56),
(106, 1, 15, 69),
(107, 0, 16, 67),
(107, 1, 11, 82),
(108, 0, 12, 32),
(108, 1, 10, 115),
(109, 0, 17, NULL),
(109, 1, 14, NULL),
(110, 0, 10, 95),
(110, 1, 16, 42),
(111, 0, 15, 76),
(111, 1, 12, 48),
(112, 0, 11, NULL),
(112, 1, 17, NULL),
(113, 0, 14, NULL),
(113, 1, 11, NULL),
(114, 0, 18, 124),
(114, 1, 10, 83),
(115, 0, 39, 67),
(115, 1, 33, 91),
(116, 0, 36, 95),
(116, 1, 37, 71),
(117, 0, 32, 68),
(117, 1, 34, 56),
(118, 0, 40, 94),
(118, 1, 35, 63),
(119, 0, 41, 112),
(119, 1, 38, 74),
(120, 0, 37, 54),
(120, 1, 41, 83),
(121, 0, 33, 78),
(121, 1, 32, 83),
(122, 0, 38, 68),
(122, 1, 40, 75),
(123, 0, 34, 79),
(123, 1, 36, 84),
(124, 0, 35, 70),
(124, 1, 39, 79),
(125, 0, 36, 57),
(125, 1, 33, 79),
(126, 0, 40, 97),
(126, 1, 37, 59),
(127, 0, 41, 62),
(127, 1, 34, 79),
(128, 0, 32, 82),
(128, 1, 39, 54),
(129, 0, 35, 69),
(129, 1, 38, 84),
(130, 0, 32, 106),
(130, 1, 35, 49),
(131, 0, 33, 71),
(131, 1, 41, 54),
(132, 0, 34, 55),
(132, 1, 40, 97),
(133, 0, 39, 60),
(133, 1, 36, 69),
(134, 0, 37, 75),
(134, 1, 38, 95),
(135, 0, 36, 69),
(135, 1, 32, 97),
(136, 0, 40, 50),
(136, 1, 33, 75),
(137, 0, 35, 94),
(137, 1, 37, 98),
(138, 0, 38, 89),
(138, 1, 34, 81),
(139, 0, 41, 0),
(139, 1, 39, 20),
(140, 0, 34, 107),
(140, 1, 37, 74),
(141, 0, 32, 89),
(141, 1, 41, 78),
(142, 0, 36, 63),
(142, 1, 35, 78),
(143, 0, 39, 51),
(143, 1, 40, 91),
(144, 0, 33, 91),
(144, 1, 38, 71),
(145, 0, 37, 60),
(145, 1, 33, 80),
(146, 0, 35, 58),
(146, 1, 34, 93),
(147, 0, 40, 76),
(147, 1, 32, 69),
(148, 0, 41, 70),
(148, 1, 36, 79),
(149, 0, 38, 66),
(149, 1, 39, 73),
(150, 0, 39, 94),
(150, 1, 37, 98),
(151, 0, 33, 95),
(151, 1, 34, 74),
(152, 0, 41, 80),
(152, 1, 35, 67),
(153, 0, 36, 69),
(153, 1, 40, 67),
(154, 0, 32, 83),
(154, 1, 38, 84),
(155, 0, 35, 0),
(155, 1, 33, 20),
(156, 0, 37, 52),
(156, 1, 32, 97),
(157, 0, 38, 81),
(157, 1, 36, 87),
(158, 0, 34, 88),
(158, 1, 39, 60),
(159, 0, 40, 64),
(159, 1, 41, 63),
(160, 0, 38, NULL),
(160, 1, 41, NULL),
(161, 0, 34, NULL),
(161, 1, 32, NULL),
(162, 0, 35, 56),
(162, 1, 40, 109),
(163, 0, 37, NULL),
(163, 1, 36, NULL),
(164, 0, 33, 101),
(164, 1, 39, 52),
(165, 0, 32, 83),
(165, 1, 33, 78),
(166, 0, 41, 109),
(166, 1, 37, 84),
(167, 0, 36, 66),
(167, 1, 34, 82),
(168, 0, 39, 69),
(168, 1, 35, 80),
(169, 0, 40, 103),
(169, 1, 38, 84),
(170, 0, 34, 61),
(170, 1, 41, 103),
(171, 0, 38, 72),
(171, 1, 35, 86),
(172, 0, 39, 63),
(172, 1, 32, 81),
(173, 0, 37, 84),
(173, 1, 40, 97),
(174, 0, 33, 75),
(174, 1, 36, 64),
(175, 0, 41, NULL),
(175, 1, 33, NULL),
(176, 0, 40, NULL),
(176, 1, 34, NULL),
(177, 0, 35, NULL),
(177, 1, 32, NULL),
(178, 0, 36, NULL),
(178, 1, 39, NULL),
(179, 0, 38, NULL),
(179, 1, 37, NULL),
(180, 0, 39, NULL),
(180, 1, 41, NULL),
(181, 0, 37, NULL),
(181, 1, 35, NULL),
(182, 0, 33, NULL),
(182, 1, 40, NULL),
(183, 0, 34, NULL),
(183, 1, 38, NULL),
(184, 0, 32, NULL),
(184, 1, 36, NULL),
(185, 0, 38, NULL),
(185, 1, 33, NULL),
(186, 0, 37, NULL),
(186, 1, 34, NULL),
(187, 0, 41, NULL),
(187, 1, 32, NULL),
(188, 0, 35, NULL),
(188, 1, 36, NULL),
(189, 0, 40, NULL),
(189, 1, 39, NULL),
(190, 0, 36, NULL),
(190, 1, 41, NULL),
(191, 0, 32, NULL),
(191, 1, 40, NULL),
(192, 0, 33, NULL),
(192, 1, 37, NULL),
(193, 0, 34, NULL),
(193, 1, 35, NULL),
(194, 0, 39, NULL),
(194, 1, 38, NULL),
(195, 0, 34, NULL),
(195, 1, 33, NULL),
(196, 0, 35, NULL),
(196, 1, 41, NULL),
(197, 0, 38, NULL),
(197, 1, 32, NULL),
(198, 0, 40, NULL),
(198, 1, 36, NULL),
(199, 0, 37, NULL),
(199, 1, 39, NULL),
(200, 0, 32, NULL),
(200, 1, 37, NULL),
(201, 0, 33, NULL),
(201, 1, 35, NULL),
(202, 0, 41, NULL),
(202, 1, 40, NULL),
(203, 0, 39, NULL),
(203, 1, 34, NULL),
(204, 0, 36, NULL),
(204, 1, 38, NULL),
(205,0,44,0),
(205,1,55,20),
(206,0,56,73),
(206,1,51,62),
(207,0,54,51),
(207,1,46,61),
(208,0,43,73),
(208,1,48,51),
(209,0,48,40),
(209,1,54,59),
(210,0,42,36),
(210,1,44,80),
(211,0,55,68),
(211,1,43,76),
(212,0,46,38),
(212,1,56,67),
(213,0,44,78),
(213,1,51,75),
(214,0,56,57),
(214,1,54,33),
(215,0,43,84),
(215,1,42,53),
(216,0,55,75),
(216,1,48,43),
(217,0,48,43),
(217,1,56,95),
(218,0,42,65),
(218,1,55,76),
(219,0,51,63),
(219,1,43,52),
(220,0,46,71),
(220,1,44,74),
(221,0,55,55),
(221,1,51,70),
(222,0,42,57),
(222,1,48,60),
(223,0,43,49),
(223,1,46,76),
(224,0,44,65),
(224,1,54,62),
(225,0,46,62),
(225,1,55,58),
(226,0,51,75),
(226,1,42,51),
(227,0,56,55),
(227,1,44,63),
(228,0,54,46),
(228,1,43,76),
(229,0,42,47),
(229,1,46,88),
(230,0,43,54),
(230,1,56,73),
(231,0,51,64),
(231,1,48,52),
(232,0,55,0),
(232,1,54,20),
(233,0,56,57),
(233,1,55,64),
(234,0,46,80),
(234,1,51,48),
(235,0,54,46),
(235,1,42,58),
(236,0,44,74),
(236,1,48,43),
(237,0,51,51),
(237,1,54,49),
(238,0,42,53),
(238,1,56,76),
(239,0,43,63),
(239,1,44,60),
(240,0,48,46),
(240,1,46,81),
(241,0,51,50),
(241,1,56,58),
(242,0,46,87),
(242,1,54,47),
(243,0,55,73),
(243,1,44,65),
(244,0,48,41),
(244,1,43,49),
(245,0,43,58),
(245,1,55,69),
(246,0,56,76),
(246,1,46,70),
(247,0,44,60),
(247,1,42,45),
(248,0,54,43),
(248,1,48,47),
(249,0,48,0),
(249,1,55,20),
(250,0,54,51),
(250,1,56,74),
(251,0,42,36),
(251,1,43,55),
(252,0,51,39),
(252,1,44,62),
(253,0,43,100),
(253,1,51,52),
(254,0,56,73),
(254,1,48,70),
(255,0,44,62),
(255,1,46,66),
(256,0,51,47),
(256,1,55,83),
(257,0,48,58),
(257,1,42,56),
(258,0,54,49),
(258,1,44,78),
(259,0,55,92),
(259,1,46,64),
(260,0,43,91),
(260,1,54,47),
(261,0,44,68),
(261,1,56,82),
(262,0,42,52),
(262,1,51,77),
(263,0,48,51),
(263,1,51,73),
(264,0,46,58),
(264,1,42,35),
(265,0,56,65),
(265,1,43,74),
(266,0,46,75),
(266,1,43,72),
(267,0,55,76),
(267,1,42,41),
(268,0,55,NULL),
(268,1,56,NULL),
(269,0,51,NULL),
(269,1,46,NULL),
(270,0,42,NULL),
(270,1,54,NULL),
(271,0,48,NULL),
(271,1,44,NULL),
(272,0,54,58),
(272,1,55,87),
(274,0,54,NULL),
(274,1,51,NULL),
(275,0,56,NULL),
(275,1,42,NULL),
(276,0,46,NULL),
(276,1,48,NULL),
(277,0,44,NULL),
(277,1,43,NULL);

INSERT INTO bbstatstest.PlayerStats (`game_id`, `is_home`, `player_id`, `roster_id`, `jersey_nbr`, `has_played`, `is_starter`, `pf`) VALUES
(5, 0, 1, 1, 10, 1, 1, 2),
(5, 0, 2, 1, 14, 1, 1, 3),
(5, 0, 3, 1, 6, 1, 0, 3),
(5, 0, 5, 1, 13, 1, 1, 5),
(5, 0, 7, 1, 7, 1, 0, 0),
(5, 0, 8, 1, 15, 1, 1, 2),
(5, 0, 9, 1, 5, 1, 0, 0),
(5, 0, 10, 1, 8, 1, 1, 2),
(11, 1, 1, 1, 10, 1, 1, 4),
(11, 1, 2, 1, 14, 1, 1, 3),
(11, 1, 3, 1, 9, 1, 0, 0),
(11, 1, 4, 1, 11, 1, 0, 2),
(11, 1, 5, 1, 13, 1, 1, 4),
(11, 1, 6, 1, 7, 1, 0, 2),
(11, 1, 7, 1, 6, 1, 0, 2),
(11, 1, 8, 1, 15, 1, 1, 3),
(11, 1, 9, 1, 5, 1, 0, 1),
(11, 1, 10, 1, 8, 1, 1, 4),
(13, 0, 1, 1, 10, 1, 1, 2),
(13, 0, 2, 1, 14, 1, 1, 3),
(13, 0, 5, 1, 13, 1, 1, 4),
(13, 0, 7, 1, 6, 1, 0, 0),
(13, 0, 8, 1, 15, 1, 1, 1),
(13, 0, 9, 1, 5, 1, 0, 1),
(13, 0, 10, 1, 8, 1, 1, 5),
(16, 1, 1, 1, 10, 1, 1, 4),
(16, 1, 2, 1, 14, 1, 1, 3),
(16, 1, 5, 1, 13, 1, 0, 4),
(16, 1, 6, 1, 7, 1, 0, 0),
(16, 1, 7, 1, 6, 1, 1, 0),
(16, 1, 8, 1, 15, 1, 1, 4),
(16, 1, 9, 1, 5, 1, 0, 2),
(16, 1, 10, 1, 8, 1, 1, 4),
(22, 0, 1, 1, 10, 1, 0, 4),
(22, 0, 2, 1, 14, 1, 1, 3),
(22, 0, 5, 1, 13, 1, 1, 5),
(22, 0, 6, 1, 7, 1, 0, 3),
(22, 0, 7, 1, 4, 1, 1, 0),
(22, 0, 8, 1, 15, 1, 1, 1),
(22, 0, 10, 1, 6, 1, 1, 1),
(23, 1, 1, 1, 10, 1, 1, 4),
(23, 1, 2, 1, 14, 1, 1, 3),
(23, 1, 4, 1, 12, 1, 0, 4),
(23, 1, 5, 1, 13, 1, 1, 5),
(23, 1, 6, 1, 7, 1, 0, 2),
(23, 1, 7, 1, 6, 1, 1, 0),
(23, 1, 8, 1, 15, 1, 0, 1),
(23, 1, 10, 1, 8, 1, 1, 4),
(32, 1, 1, 1, 10, 1, 1, 3),
(32, 1, 2, 1, 14, 1, 1, 3),
(32, 1, 4, 1, 15, 1, 0, 2),
(32, 1, 5, 1, 13, 1, 1, 3),
(32, 1, 6, 1, 7, 1, 1, 1),
(32, 1, 7, 1, 6, 1, 0, 0),
(32, 1, 9, 1, 5, 1, 1, 1),
(40, 0, 1, 1, 10, 1, 1, 4),
(40, 0, 2, 1, 14, 1, 1, 1),
(40, 0, 6, 1, 7, 1, 0, 1),
(40, 0, 7, 1, 6, 1, 0, 1),
(40, 0, 8, 1, 15, 1, 1, 1),
(40, 0, 9, 1, 5, 1, 1, 3),
(40, 0, 10, 1, 8, 1, 1, 5),
(42, 1, 1, 1, 10, 1, 1, 4),
(42, 1, 2, 1, 14, 1, 1, 2),
(42, 1, 4, 1, 8, 1, 0, 4),
(42, 1, 7, 1, 6, 1, 1, 2),
(42, 1, 8, 1, 15, 1, 1, 1),
(42, 1, 9, 1, 5, 1, 0, 1),
(42, 1, 10, 1, 4, 1, 1, 3),
(46, 0, 1, 1, 10, 1, 1, 1),
(46, 0, 2, 1, 14, 1, 1, 4),
(46, 0, 4, 1, 8, 1, 0, 3),
(46, 0, 5, 1, 13, 1, 1, 4),
(46, 0, 7, 1, 6, 1, 0, 0),
(46, 0, 8, 1, 15, 1, 1, 2),
(46, 0, 9, 1, 5, 1, 1, 1),
(46, 0, 11, 1, 7, 1, 0, 2),
(48, 1, 1, 1, 10, 1, 1, 2),
(48, 1, 2, 1, 14, 1, 1, 1),
(48, 1, 4, 1, 8, 1, 1, 2),
(48, 1, 5, 1, 13, 1, 1, 3),
(48, 1, 6, 1, 9, 1, 0, 1),
(48, 1, 7, 1, 6, 1, 0, 0),
(48, 1, 8, 1, 15, 1, 1, 1),
(48, 1, 9, 1, 5, 1, 0, 1),
(48, 1, 11, 1, 7, 1, 0, 0),
(51, 0, 1, 1, 10, 1, 1, 4),
(51, 0, 4, 1, 11, 1, 0, 5),
(51, 0, 5, 1, 13, 1, 1, 4),
(51, 0, 6, 1, 16, 1, 0, 4),
(51, 0, 7, 1, 6, 1, 0, 3),
(51, 0, 8, 1, 15, 1, 1, 4),
(51, 0, 9, 1, 5, 1, 0, 2),
(51, 0, 10, 1, 8, 1, 1, 1),
(51, 0, 11, 1, 7, 1, 0, 4),
(68, 1, 1, 10, 10, 1, 1, 4),
(68, 1, 2, 10, 14, 1, 1, 1),
(68, 1, 5, 10, 13, 1, 1, 4),
(68, 1, 7, 10, 4, 1, 0, 0),
(68, 1, 8, 10, 7, 1, 0, 1),
(68, 1, 13, 10, 12, 1, 1, 3),
(68, 1, 14, 10, 9, 1, 0, 1),
(68, 1, 15, 10, 15, 1, 0, 3),
(68, 1, 16, 10, 6, 1, 1, 4),
(68, 1, 20, 10, 11, 1, 0, 0),
(71, 0, 1, 10, 10, 1, 1, 3),
(71, 0, 5, 10, 13, 1, 1, 4),
(71, 0, 8, 10, 11, 1, 0, 3),
(71, 0, 11, 10, 7, 1, 0, 4),
(71, 0, 13, 10, 8, 1, 1, 2),
(71, 0, 14, 10, 9, 1, 0, 2),
(71, 0, 15, 10, 15, 1, 1, 1),
(71, 0, 16, 10, 6, 1, 1, 2),
(71, 0, 19, 10, 5, 1, 0, 2),
(71, 0, 20, 10, 14, 1, 0, 4),
(75, 0, 1, 10, 10, 1, 1, 2),
(75, 0, 5, 10, 13, 1, 1, 4),
(75, 0, 7, 10, 6, 1, 0, 2),
(75, 0, 8, 10, 11, 1, 0, 5),
(75, 0, 9, 10, 5, 1, 0, 1),
(75, 0, 13, 10, 14, 1, 1, 1),
(75, 0, 14, 10, 9, 1, 1, 1),
(75, 0, 16, 10, 15, 1, 1, 4),
(75, 0, 19, 10, 7, 1, 0, 0),
(75, 0, 20, 10, 8, 1, 0, 3),
(77, 1, 4, 10, 8, 1, 0, 5),
(77, 1, 5, 10, 13, 1, 1, 3),
(77, 1, 8, 10, 11, 1, 0, 0),
(77, 1, 9, 10, 10, 1, 0, 2),
(77, 1, 11, 10, 7, 1, 1, 2),
(77, 1, 13, 10, 6, 1, 1, 2),
(77, 1, 14, 10, 9, 1, 1, 3),
(77, 1, 16, 10, 14, 1, 1, 0),
(77, 1, 17, 10, 5, 1, 0, 4),
(77, 1, 19, 10, 16, 1, 0, 2),
(83, 0, 1, 10, 10, 1, 1, 2),
(83, 0, 2, 10, 14, 1, 0, 2),
(83, 0, 5, 10, 13, 1, 1, 3),
(83, 0, 6, 10, 7, 1, 0, 1),
(83, 0, 8, 10, 11, 1, 0, 1),
(83, 0, 10, 10, 5, 1, 0, 2),
(83, 0, 13, 10, 6, 1, 1, 1),
(83, 0, 14, 10, 9, 1, 1, 0),
(83, 0, 15, 10, 15, 1, 1, 1),
(83, 0, 19, 10, 4, 1, 0, 0),
(84, 1, 5, 10, 6, 1, 1, 4),
(84, 1, 6, 10, 9, 1, 0, 2),
(84, 1, 7, 10, 4, 1, 0, 0),
(84, 1, 8, 10, 5, 1, 0, 1),
(84, 1, 11, 10, 12, 1, 1, 2),
(84, 1, 13, 10, 7, 1, 1, 1),
(84, 1, 16, 10, 8, 1, 1, 1),
(84, 1, 17, 10, 13, 1, 0, 0),
(84, 1, 18, 10, 10, 1, 0, 3),
(84, 1, 20, 10, 11, 1, 1, 2),
(95, 0, 5, 10, 13, 1, 1, 4),
(95, 0, 8, 10, 6, 1, 0, 2),
(95, 0, 10, 10, 8, 1, 0, 1),
(95, 0, 11, 10, 7, 1, 1, 4),
(95, 0, 13, 10, 15, 1, 1, 3),
(95, 0, 16, 10, 11, 1, 1, 5),
(95, 0, 17, 10, 5, 1, 0, 0),
(95, 0, 18, 10, 9, 1, 1, 2),
(95, 0, 20, 10, 14, 1, 0, 4),
(98, 1, 5, 10, 13, 1, 1, 3),
(98, 1, 8, 10, 8, 1, 0, 0),
(98, 1, 10, 10, 5, 1, 0, 4),
(98, 1, 11, 10, 7, 1, 0, 0),
(98, 1, 13, 10, 15, 1, 1, 3),
(98, 1, 14, 10, 9, 1, 0, 2),
(98, 1, 16, 10, 6, 1, 1, 1),
(98, 1, 17, 10, 10, 1, 0, 2),
(98, 1, 18, 10, 11, 1, 1, 4),
(98, 1, 20, 10, 14, 1, 1, 2),
(101, 1, 2, 10, 14, 1, 1, 2),
(101, 1, 5, 10, 13, 1, 1, 5),
(101, 1, 7, 10, 6, 1, 0, 3),
(101, 1, 8, 10, 9, 1, 0, 1),
(101, 1, 10, 10, 5, 1, 0, 1),
(101, 1, 11, 10, 7, 1, 0, 4),
(101, 1, 15, 10, 15, 1, 1, 4),
(101, 1, 16, 10, 8, 1, 1, 4),
(101, 1, 17, 10, 10, 1, 0, 1),
(101, 1, 20, 10, 11, 1, 1, 3),
(104, 0, 1, 10, 10, 1, 0, 1),
(104, 0, 2, 10, 14, 1, 0, 2),
(104, 0, 5, 10, 13, 1, 0, 2),
(104, 0, 7, 10, 6, 1, 0, 1),
(104, 0, 8, 10, 5, 1, 0, 0),
(104, 0, 11, 10, 7, 1, 1, 2),
(104, 0, 14, 10, 9, 1, 1, 0),
(104, 0, 15, 10, 15, 1, 1, 2),
(104, 0, 16, 10, 4, 1, 1, 0),
(104, 0, 20, 10, 12, 1, 1, 2),
(108, 1, 2, 10, 14, 1, 0, 1),
(108, 1, 5, 10, 13, 1, 1, 4),
(108, 1, 8, 10, 10, 1, 0, 0),
(108, 1, 11, 10, 7, 1, 0, 2),
(108, 1, 13, 10, 11, 1, 1, 2),
(108, 1, 14, 10, 9, 1, 1, 1),
(108, 1, 15, 10, 15, 1, 1, 3),
(108, 1, 16, 10, 5, 1, 1, 1),
(108, 1, 18, 10, 8, 1, 0, 2),
(108, 1, 19, 10, 4, 1, 0, 1),
(110, 0, 1, 10, 10, 1, 0, 5),
(110, 0, 2, 10, 14, 1, 0, 0),
(110, 0, 5, 10, 13, 1, 1, 3),
(110, 0, 8, 10, 12, 1, 0, 0),
(110, 0, 11, 10, 7, 1, 0, 1),
(110, 0, 13, 10, 6, 1, 1, 2),
(110, 0, 15, 10, 15, 1, 1, 2),
(110, 0, 16, 10, 11, 1, 1, 4),
(110, 0, 19, 10, 4, 1, 0, 1),
(110, 0, 20, 10, 5, 1, 1, 0),
(117, 0, 1, 32, 10, 1, 1, 5),
(117, 0, 2, 32, 14, 1, 1, 4),
(117, 0, 5, 32, 13, 1, 1, 4),
(117, 0, 8, 32, 15, 1, 0, 1),
(117, 0, 11, 32, 7, 1, 0, 2),
(117, 0, 13, 32, 6, 1, 1, 3),
(117, 0, 14, 32, 9, 1, 0, 2),
(117, 0, 16, 32, 4, 1, 1, 4),
(117, 0, 18, 32, 12, 1, 0, 2),
(117, 0, 21, 32, 11, 1, 0, 4),
(121, 1, 1, 32, 10, 1, 1, 4),
(121, 1, 2, 32, 14, 1, 0, 2),
(121, 1, 5, 32, 13, 1, 0, 3),
(121, 1, 8, 32, 12, 1, 0, 2),
(121, 1, 10, 32, 15, 1, 0, 0),
(121, 1, 11, 32, 7, 1, 1, 1),
(121, 1, 13, 32, 8, 1, 1, 4),
(121, 1, 14, 32, 9, 1, 0, 1),
(121, 1, 16, 32, 4, 1, 1, 5),
(121, 1, 21, 32, 11, 1, 1, 5),
(128, 0, 1, 32, 10, 1, 0, 5),
(128, 0, 2, 32, 14, 1, 1, 0),
(128, 0, 5, 32, 13, 1, 1, 4),
(128, 0, 8, 32, 12, 1, 0, 1),
(128, 0, 10, 32, 5, 1, 0, 2),
(128, 0, 11, 32, 7, 1, 0, 3),
(128, 0, 13, 32, 8, 1, 1, 2),
(128, 0, 14, 32, 9, 1, 0, 0),
(128, 0, 16, 32, 4, 1, 1, 1),
(128, 0, 21, 32, 11, 1, 1, 2),
(130, 0, 1, 32, 10, 1, 1, 2),
(130, 0, 2, 32, 14, 1, 0, 0),
(130, 0, 5, 32, 13, 1, 1, 3),
(130, 0, 8, 32, 12, 1, 0, 4),
(130, 0, 13, 32, 8, 1, 1, 3),
(130, 0, 14, 32, 9, 1, 0, 3),
(130, 0, 16, 32, 4, 1, 1, 3),
(130, 0, 21, 32, 11, 1, 1, 1),
(135, 1, 1, 32, 10, 1, 1, 1),
(135, 1, 2, 32, 14, 1, 0, 1),
(135, 1, 4, 32, 8, 1, 0, 3),
(135, 1, 5, 32, 13, 1, 1, 0),
(135, 1, 7, 32, 6, 1, 0, 1),
(135, 1, 8, 32, 12, 1, 0, 2),
(135, 1, 14, 32, 9, 1, 1, 3),
(135, 1, 15, 32, 15, 1, 0, 0),
(135, 1, 16, 32, 4, 1, 1, 3),
(135, 1, 21, 32, 11, 1, 1, 4),
(141, 0, 1, 32, 10, 1, 1, 3),
(141, 0, 2, 32, 14, 1, 1, 2),
(141, 0, 5, 32, 13, 1, 1, 5),
(141, 0, 8, 32, 12, 1, 0, 1),
(141, 0, 11, 32, 7, 1, 0, 1),
(141, 0, 14, 32, 9, 1, 1, 1),
(141, 0, 15, 32, 15, 1, 0, 2),
(141, 0, 16, 32, 4, 1, 0, 1),
(141, 0, 20, 32, 8, 1, 0, 2),
(141, 0, 21, 32, 11, 1, 1, 3),
(147, 1, 1, 32, 10, 1, 1, 4),
(147, 1, 2, 32, 14, 1, 0, 3),
(147, 1, 5, 32, 13, 1, 1, 5),
(147, 1, 7, 32, 4, 1, 0, 0),
(147, 1, 8, 32, 12, 1, 0, 4),
(147, 1, 11, 32, 7, 1, 0, 4),
(147, 1, 13, 32, 8, 1, 1, 3),
(147, 1, 14, 32, 9, 1, 0, 0),
(147, 1, 16, 32, 15, 1, 1, 5),
(147, 1, 21, 32, 11, 1, 1, 5),
(154, 0, 1, 32, 10, 1, 1, 3),
(154, 0, 2, 32, 14, 1, 0, 2),
(154, 0, 5, 32, 13, 1, 1, 4),
(154, 0, 8, 32, 12, 1, 1, 0),
(154, 0, 10, 32, 11, 1, 0, 1),
(154, 0, 13, 32, 8, 1, 1, 4),
(154, 0, 14, 32, 9, 1, 1, 2),
(154, 0, 22, 32, 5, 1, 0, 0),
(154, 0, 23, 32, 4, 1, 0, 3),
(156, 1, 2, 32, 14, 1, 0, 0),
(156, 1, 5, 32, 13, 1, 1, 2),
(156, 1, 8, 32, 12, 1, 0, 0),
(156, 1, 11, 32, 7, 1, 0, 1),
(156, 1, 13, 32, 8, 1, 1, 1),
(156, 1, 14, 32, 9, 1, 1, 1),
(156, 1, 15, 32, 15, 1, 1, 0),
(156, 1, 16, 32, 4, 1, 1, 1),
(156, 1, 21, 32, 11, 1, 0, 3),
(156, 1, 22, 32, 6, 1, 0, 0),
(165, 0, 2, 32, 14, 1, 1, 2),
(165, 0, 5, 32, 13, 1, 1, 5),
(165, 0, 8, 32, 12, 1, 1, 0),
(165, 0, 11, 32, 7, 1, 0, 3),
(165, 0, 13, 32, 8, 1, 1, 3),
(165, 0, 14, 32, 9, 1, 0, 2),
(165, 0, 17, 32, 5, 1, 0, 3),
(165, 0, 21, 32, 11, 1, 1, 4),
(165, 0, 24, 32, 10, 1, 0, 0),
(165, 0, 25, 32, 4, 1, 0, 5),
(172, 1, 1, 32, 10, 1, 1, 3),
(172, 1, 2, 32, 14, 1, 1, 1),
(172, 1, 5, 32, 13, 1, 1, 4),
(172, 1, 8, 32, 12, 1, 0, 1),
(172, 1, 11, 32, 7, 1, 0, 4),
(172, 1, 13, 32, 8, 1, 1, 4),
(172, 1, 14, 32, 9, 1, 0, 1),
(172, 1, 16, 32, 4, 1, 1, 1),
(172, 1, 20, 32, 15, 1, 0, 3),
(172, 1, 26, 32, 6, 1, 0, 4);

INSERT INTO bbstatstest.Stats (`game_id`, `is_home`, `player_id`, `roster_id`, "period", `tpm`, `ftm`, `fta`, `pts`) VALUES
(5, 0, 1, 1, 1, 1, 3, 7, 10),
(5, 0, 2, 1, 1, 1, 0, 0, 3),
(5, 0, 3, 1, 1, 0, 0, 0, 0),
(5, 0, 5, 1, 1, 1, 0, 0, 7),
(5, 0, 7, 1, 1, 0, 0, 0, 0),
(5, 0, 8, 1, 1, 0, 0, 0, 2),
(5, 0, 9, 1, 1, 0, 0, 0, 0),
(5, 0, 10, 1, 1, 0, 0, 2, 0),
(5, 0, 1, 1, 2, 0, 0, 0, 0),
(5, 0, 2, 1, 2, 0, 0, 0, 0),
(5, 0, 3, 1, 2, 0, 0, 0, 0),
(5, 0, 5, 1, 2, 1, 0, 0, 7),
(5, 0, 7, 1, 2, 0, 0, 0, 0),
(5, 0, 8, 1, 2, 0, 0, 0, 0),
(5, 0, 9, 1, 2, 0, 0, 0, 0),
(5, 0, 10, 1, 2, 0, 0, 0, 0),
(5, 0, 1, 1, 3, 0, 0, 0, 4),
(5, 0, 2, 1, 3, 0, 0, 0, 4),
(5, 0, 3, 1, 3, 0, 2, 2, 2),
(5, 0, 5, 1, 3, 0, 0, 0, 2),
(5, 0, 7, 1, 3, 0, 0, 0, 0),
(5, 0, 8, 1, 3, 0, 0, 0, 0),
(5, 0, 9, 1, 3, 0, 0, 0, 0),
(5, 0, 10, 1, 3, 0, 2, 2, 2),
(5, 0, 1, 1, 4, 1, 0, 0, 9),
(5, 0, 2, 1, 4, 0, 0, 1, 6),
(5, 0, 3, 1, 4, 0, 0, 0, 4),
(5, 0, 5, 1, 4, 1, 4, 6, 9),
(5, 0, 7, 1, 4, 0, 0, 0, 0),
(5, 0, 8, 1, 4, 0, 0, 0, 0),
(5, 0, 9, 1, 4, 0, 0, 0, 0),
(5, 0, 10, 1, 4, 0, 0, 0, 0),
(11, 1, 1, 1, 1, 0, 0, 0, 2),
(11, 1, 2, 1, 1, 0, 0, 0, 0),
(11, 1, 3, 1, 1, 0, 0, 0, 0),
(11, 1, 4, 1, 1, 0, 0, 0, 0),
(11, 1, 5, 1, 1, 1, 0, 0, 9),
(11, 1, 6, 1, 1, 0, 0, 0, 0),
(11, 1, 7, 1, 1, 0, 0, 0, 0),
(11, 1, 8, 1, 1, 0, 0, 2, 2),
(11, 1, 9, 1, 1, 0, 1, 2, 1),
(11, 1, 10, 1, 1, 0, 0, 0, 0),
(11, 1, 1, 1, 2, 0, 0, 0, 2),
(11, 1, 2, 1, 2, 0, 1, 2, 5),
(11, 1, 3, 1, 2, 0, 0, 0, 0),
(11, 1, 4, 1, 2, 0, 0, 0, 0),
(11, 1, 5, 1, 2, 0, 0, 0, 6),
(11, 1, 6, 1, 2, 0, 0, 0, 0),
(11, 1, 7, 1, 2, 1, 0, 0, 3),
(11, 1, 8, 1, 2, 0, 0, 0, 0),
(11, 1, 9, 1, 2, 0, 0, 0, 0),
(11, 1, 10, 1, 2, 0, 0, 0, 2),
(11, 1, 1, 1, 3, 0, 3, 3, 5),
(11, 1, 2, 1, 3, 0, 1, 2, 3),
(11, 1, 3, 1, 3, 0, 0, 0, 0),
(11, 1, 4, 1, 3, 0, 0, 0, 0),
(11, 1, 5, 1, 3, 1, 0, 0, 9),
(11, 1, 6, 1, 3, 0, 0, 0, 0),
(11, 1, 7, 1, 3, 0, 0, 0, 0),
(11, 1, 8, 1, 3, 0, 0, 0, 0),
(11, 1, 9, 1, 3, 0, 0, 0, 0),
(11, 1, 10, 1, 3, 0, 0, 0, 0),
(11, 1, 1, 1, 4, 2, 1, 1, 11),
(11, 1, 2, 1, 4, 0, 0, 0, 2),
(11, 1, 3, 1, 4, 0, 0, 0, 0),
(11, 1, 4, 1, 4, 0, 0, 0, 8),
(11, 1, 5, 1, 4, 1, 0, 0, 7),
(11, 1, 6, 1, 4, 0, 0, 0, 0),
(11, 1, 7, 1, 4, 0, 0, 0, 0),
(11, 1, 8, 1, 4, 0, 0, 0, 0),
(11, 1, 9, 1, 4, 0, 0, 0, 0),
(11, 1, 10, 1, 4, 0, 0, 0, 0),
(13, 0, 1, 1, 1, 0, 0, 0, 4),
(13, 0, 2, 1, 1, 1, 0, 0, 5),
(13, 0, 5, 1, 1, 0, 1, 1, 5),
(13, 0, 7, 1, 1, 0, 0, 0, 0),
(13, 0, 8, 1, 1, 0, 0, 0, 0),
(13, 0, 9, 1, 1, 0, 0, 0, 0),
(13, 0, 10, 1, 1, 0, 2, 3, 6),
(13, 0, 1, 1, 2, 1, 2, 2, 7),
(13, 0, 2, 1, 2, 0, 0, 0, 2),
(13, 0, 5, 1, 2, 1, 2, 4, 7),
(13, 0, 7, 1, 2, 0, 0, 0, 0),
(13, 0, 8, 1, 2, 0, 0, 0, 0),
(13, 0, 9, 1, 2, 0, 0, 0, 0),
(13, 0, 10, 1, 2, 0, 0, 0, 0),
(13, 0, 1, 1, 3, 0, 1, 2, 1),
(13, 0, 2, 1, 3, 0, 0, 0, 6),
(13, 0, 5, 1, 3, 0, 2, 3, 2),
(13, 0, 7, 1, 3, 1, 0, 1, 5),
(13, 0, 8, 1, 3, 0, 1, 2, 3),
(13, 0, 9, 1, 3, 0, 0, 0, 0),
(13, 0, 10, 1, 3, 0, 0, 0, 0),
(13, 0, 1, 1, 4, 0, 2, 3, 4),
(13, 0, 2, 1, 4, 0, 4, 5, 6),
(13, 0, 5, 1, 4, 0, 2, 3, 2),
(13, 0, 7, 1, 4, 0, 0, 0, 0),
(13, 0, 8, 1, 4, 0, 0, 0, 0),
(13, 0, 9, 1, 4, 0, 0, 0, 0),
(13, 0, 10, 1, 4, 0, 0, 0, 0),
(16, 1, 1, 1, 1, 0, 0, 0, 2),
(16, 1, 2, 1, 1, 0, 0, 0, 4),
(16, 1, 5, 1, 1, 0, 0, 0, 0),
(16, 1, 6, 1, 1, 0, 0, 0, 0),
(16, 1, 7, 1, 1, 0, 0, 0, 4),
(16, 1, 8, 1, 1, 0, 0, 2, 0),
(16, 1, 9, 1, 1, 0, 0, 0, 0),
(16, 1, 10, 1, 1, 1, 2, 2, 9),
(16, 1, 1, 1, 2, 0, 0, 0, 6),
(16, 1, 2, 1, 2, 0, 0, 0, 0),
(16, 1, 5, 1, 2, 3, 0, 0, 9),
(16, 1, 6, 1, 2, 0, 0, 0, 0),
(16, 1, 7, 1, 2, 0, 0, 0, 0),
(16, 1, 8, 1, 2, 0, 0, 0, 2),
(16, 1, 9, 1, 2, 0, 0, 0, 0),
(16, 1, 10, 1, 2, 0, 0, 0, 2),
(16, 1, 1, 1, 3, 0, 0, 0, 10),
(16, 1, 2, 1, 3, 0, 0, 2, 2),
(16, 1, 5, 1, 3, 2, 0, 0, 8),
(16, 1, 6, 1, 3, 0, 0, 0, 0),
(16, 1, 7, 1, 3, 0, 0, 0, 0),
(16, 1, 8, 1, 3, 0, 0, 0, 2),
(16, 1, 9, 1, 3, 0, 0, 0, 0),
(16, 1, 10, 1, 3, 0, 0, 0, 2),
(16, 1, 1, 1, 4, 0, 0, 0, 8),
(16, 1, 2, 1, 4, 0, 0, 0, 0),
(16, 1, 5, 1, 4, 1, 3, 4, 8),
(16, 1, 6, 1, 4, 0, 0, 0, 0),
(16, 1, 7, 1, 4, 0, 0, 0, 0),
(16, 1, 8, 1, 4, 0, 2, 2, 6),
(16, 1, 9, 1, 4, 0, 0, 0, 0),
(16, 1, 10, 1, 4, 0, 0, 0, 4),
(22, 0, 1, 1, 1, 0, 0, 0, 2),
(22, 0, 2, 1, 1, 0, 1, 2, 1),
(22, 0, 5, 1, 1, 0, 3, 4, 5),
(22, 0, 6, 1, 1, 0, 0, 0, 0),
(22, 0, 7, 1, 1, 0, 0, 0, 2),
(22, 0, 8, 1, 1, 0, 0, 0, 0),
(22, 0, 10, 1, 1, 0, 0, 0, 2),
(22, 0, 1, 1, 2, 1, 1, 2, 10),
(22, 0, 2, 1, 2, 1, 0, 0, 5),
(22, 0, 5, 1, 2, 0, 3, 3, 7),
(22, 0, 6, 1, 2, 0, 0, 0, 0),
(22, 0, 7, 1, 2, 0, 0, 0, 4),
(22, 0, 8, 1, 2, 0, 0, 0, 0),
(22, 0, 10, 1, 2, 0, 0, 0, 0),
(22, 0, 1, 1, 3, 0, 0, 2, 2),
(22, 0, 2, 1, 3, 0, 0, 0, 2),
(22, 0, 5, 1, 3, 0, 0, 2, 0),
(22, 0, 6, 1, 3, 1, 0, 0, 3),
(22, 0, 7, 1, 3, 0, 0, 0, 0),
(22, 0, 8, 1, 3, 0, 0, 0, 2),
(22, 0, 10, 1, 3, 0, 0, 0, 0),
(22, 0, 1, 1, 4, 0, 3, 4, 7),
(22, 0, 2, 1, 4, 0, 0, 0, 4),
(22, 0, 5, 1, 4, 0, 0, 0, 2),
(22, 0, 6, 1, 4, 0, 0, 0, 0),
(22, 0, 7, 1, 4, 0, 0, 2, 0),
(22, 0, 8, 1, 4, 0, 0, 0, 0),
(22, 0, 10, 1, 4, 0, 0, 2, 0),
(23, 1, 1, 1, 1, 1, 2, 2, 7),
(23, 1, 2, 1, 1, 0, 0, 0, 2),
(23, 1, 4, 1, 1, 0, 0, 0, 0),
(23, 1, 5, 1, 1, 2, 0, 2, 8),
(23, 1, 6, 1, 1, 0, 0, 0, 0),
(23, 1, 7, 1, 1, 0, 0, 0, 0),
(23, 1, 8, 1, 1, 0, 0, 0, 0),
(23, 1, 10, 1, 1, 0, 0, 0, 0),
(23, 1, 1, 1, 2, 0, 0, 0, 4),
(23, 1, 2, 1, 2, 0, 0, 0, 0),
(23, 1, 4, 1, 2, 0, 0, 0, 6),
(23, 1, 5, 1, 2, 0, 0, 0, 2),
(23, 1, 6, 1, 2, 0, 0, 0, 0),
(23, 1, 7, 1, 2, 0, 0, 0, 0),
(23, 1, 8, 1, 2, 0, 0, 0, 2),
(23, 1, 10, 1, 2, 0, 1, 2, 3),
(23, 1, 1, 1, 3, 0, 0, 0, 0),
(23, 1, 2, 1, 3, 1, 0, 0, 7),
(23, 1, 4, 1, 3, 0, 0, 0, 2),
(23, 1, 5, 1, 3, 0, 0, 0, 6),
(23, 1, 6, 1, 3, 0, 0, 0, 0),
(23, 1, 7, 1, 3, 0, 0, 0, 0),
(23, 1, 8, 1, 3, 0, 0, 0, 0),
(23, 1, 10, 1, 3, 0, 0, 0, 0),
(23, 1, 1, 1, 4, 0, 3, 4, 5),
(23, 1, 2, 1, 4, 0, 3, 4, 5),
(23, 1, 4, 1, 4, 0, 0, 2, 2),
(23, 1, 5, 1, 4, 0, 3, 4, 5),
(23, 1, 6, 1, 4, 0, 0, 0, 0),
(23, 1, 7, 1, 4, 0, 1, 2, 1),
(23, 1, 8, 1, 4, 0, 0, 0, 0),
(23, 1, 10, 1, 4, 0, 0, 0, 4),
(32, 1, 1, 1, 1, 0, 0, 0, 4),
(32, 1, 2, 1, 1, 0, 0, 0, 6),
(32, 1, 4, 1, 1, 0, 0, 0, 0),
(32, 1, 5, 1, 1, 1, 0, 0, 9),
(32, 1, 6, 1, 1, 0, 0, 0, 0),
(32, 1, 7, 1, 1, 0, 0, 0, 0),
(32, 1, 9, 1, 1, 0, 0, 0, 0),
(32, 1, 1, 1, 2, 0, 3, 4, 5),
(32, 1, 2, 1, 2, 0, 0, 0, 0),
(32, 1, 4, 1, 2, 0, 0, 0, 6),
(32, 1, 5, 1, 2, 1, 0, 0, 7),
(32, 1, 6, 1, 2, 0, 0, 0, 0),
(32, 1, 7, 1, 2, 0, 0, 0, 0),
(32, 1, 9, 1, 2, 0, 2, 2, 2),
(32, 1, 1, 1, 3, 0, 0, 0, 6),
(32, 1, 2, 1, 3, 0, 0, 0, 0),
(32, 1, 4, 1, 3, 0, 2, 4, 8),
(32, 1, 5, 1, 3, 0, 0, 0, 2),
(32, 1, 6, 1, 3, 0, 0, 0, 0),
(32, 1, 7, 1, 3, 0, 0, 2, 0),
(32, 1, 9, 1, 3, 0, 0, 0, 0),
(32, 1, 1, 1, 4, 0, 6, 6, 18),
(32, 1, 2, 1, 4, 0, 0, 0, 8),
(32, 1, 4, 1, 4, 0, 0, 0, 6),
(32, 1, 5, 1, 4, 0, 0, 0, 2),
(32, 1, 6, 1, 4, 0, 0, 0, 0),
(32, 1, 7, 1, 4, 0, 0, 0, 0),
(32, 1, 9, 1, 4, 0, 0, 0, 0),
(40, 0, 1, 1, 1, 0, 4, 4, 8),
(40, 0, 2, 1, 1, 0, 1, 2, 5),
(40, 0, 6, 1, 1, 0, 0, 0, 0),
(40, 0, 7, 1, 1, 0, 0, 0, 0),
(40, 0, 8, 1, 1, 0, 0, 0, 4),
(40, 0, 9, 1, 1, 0, 0, 0, 0),
(40, 0, 10, 1, 1, 0, 1, 1, 3),
(40, 0, 1, 1, 2, 0, 0, 0, 2),
(40, 0, 2, 1, 2, 0, 1, 1, 5),
(40, 0, 6, 1, 2, 0, 0, 0, 0),
(40, 0, 7, 1, 2, 0, 0, 0, 4),
(40, 0, 8, 1, 2, 0, 0, 0, 0),
(40, 0, 9, 1, 2, 0, 0, 0, 0),
(40, 0, 10, 1, 2, 0, 1, 2, 3),
(40, 0, 1, 1, 3, 1, 0, 0, 13),
(40, 0, 2, 1, 3, 0, 3, 4, 3),
(40, 0, 6, 1, 3, 0, 0, 0, 0),
(40, 0, 7, 1, 3, 0, 0, 0, 0),
(40, 0, 8, 1, 3, 0, 0, 0, 2),
(40, 0, 9, 1, 3, 0, 0, 0, 0),
(40, 0, 10, 1, 3, 0, 0, 0, 0),
(40, 0, 1, 1, 4, 1, 2, 6, 7),
(40, 0, 2, 1, 4, 0, 0, 0, 0),
(40, 0, 6, 1, 4, 0, 0, 0, 0),
(40, 0, 7, 1, 4, 1, 0, 2, 3),
(40, 0, 8, 1, 4, 0, 0, 2, 0),
(40, 0, 9, 1, 4, 0, 0, 0, 0),
(40, 0, 10, 1, 4, 0, 0, 0, 0),
(42, 1, 1, 1, 1, 0, 0, 0, 4),
(42, 1, 2, 1, 1, 0, 0, 0, 4),
(42, 1, 4, 1, 1, 0, 0, 0, 2),
(42, 1, 7, 1, 1, 0, 0, 0, 0),
(42, 1, 8, 1, 1, 0, 0, 0, 0),
(42, 1, 9, 1, 1, 0, 0, 0, 0),
(42, 1, 10, 1, 1, 0, 1, 2, 3),
(42, 1, 1, 1, 2, 1, 2, 2, 11),
(42, 1, 2, 1, 2, 0, 0, 0, 0),
(42, 1, 4, 1, 2, 0, 0, 2, 6),
(42, 1, 7, 1, 2, 0, 0, 0, 0),
(42, 1, 8, 1, 2, 0, 0, 0, 2),
(42, 1, 9, 1, 2, 0, 0, 0, 0),
(42, 1, 10, 1, 2, 0, 0, 0, 0),
(42, 1, 1, 1, 3, 1, 0, 0, 3),
(42, 1, 2, 1, 3, 1, 0, 0, 3),
(42, 1, 4, 1, 3, 0, 0, 2, 10),
(42, 1, 7, 1, 3, 0, 0, 0, 2),
(42, 1, 8, 1, 3, 0, 0, 0, 0),
(42, 1, 9, 1, 3, 0, 0, 0, 0),
(42, 1, 10, 1, 3, 0, 0, 0, 0),
(42, 1, 1, 1, 4, 0, 3, 4, 5),
(42, 1, 2, 1, 4, 0, 0, 0, 0),
(42, 1, 4, 1, 4, 0, 3, 5, 7),
(42, 1, 7, 1, 4, 0, 0, 0, 0),
(42, 1, 8, 1, 4, 0, 0, 2, 2),
(42, 1, 9, 1, 4, 0, 0, 0, 0),
(42, 1, 10, 1, 4, 0, 0, 2, 0),
(46, 0, 1, 1, 1, 1, 2, 2, 9),
(46, 0, 2, 1, 1, 0, 0, 0, 0),
(46, 0, 4, 1, 1, 0, 0, 0, 2),
(46, 0, 5, 1, 1, 0, 2, 4, 4),
(46, 0, 7, 1, 1, 0, 0, 0, 0),
(46, 0, 8, 1, 1, 0, 0, 0, 2),
(46, 0, 9, 1, 1, 0, 0, 0, 0),
(46, 0, 11, 1, 1, 0, 0, 0, 0),
(46, 0, 1, 1, 2, 0, 1, 2, 7),
(46, 0, 2, 1, 2, 0, 0, 0, 0),
(46, 0, 4, 1, 2, 0, 1, 2, 5),
(46, 0, 5, 1, 2, 0, 0, 2, 2),
(46, 0, 7, 1, 2, 0, 0, 0, 0),
(46, 0, 8, 1, 2, 0, 0, 0, 0),
(46, 0, 9, 1, 2, 0, 0, 0, 0),
(46, 0, 11, 1, 2, 0, 0, 0, 0),
(46, 0, 1, 1, 3, 1, 2, 2, 5),
(46, 0, 2, 1, 3, 0, 0, 0, 4),
(46, 0, 4, 1, 3, 0, 1, 1, 7),
(46, 0, 5, 1, 3, 0, 0, 0, 2),
(46, 0, 7, 1, 3, 0, 0, 0, 0),
(46, 0, 8, 1, 3, 0, 0, 0, 0),
(46, 0, 9, 1, 3, 0, 1, 2, 3),
(46, 0, 11, 1, 3, 0, 0, 0, 0),
(46, 0, 1, 1, 4, 2, 0, 0, 8),
(46, 0, 2, 1, 4, 0, 0, 0, 0),
(46, 0, 4, 1, 4, 0, 2, 2, 4),
(46, 0, 5, 1, 4, 0, 0, 0, 2),
(46, 0, 7, 1, 4, 0, 0, 0, 0),
(46, 0, 8, 1, 4, 0, 0, 0, 0),
(46, 0, 9, 1, 4, 0, 0, 0, 0),
(46, 0, 11, 1, 4, 1, 0, 2, 7),
(48, 1, 1, 1, 1, 0, 0, 0, 2),
(48, 1, 2, 1, 1, 0, 2, 2, 4),
(48, 1, 4, 1, 1, 0, 1, 2, 5),
(48, 1, 5, 1, 1, 0, 2, 4, 4),
(48, 1, 6, 1, 1, 0, 0, 0, 0),
(48, 1, 7, 1, 1, 0, 0, 0, 0),
(48, 1, 8, 1, 1, 0, 0, 0, 0),
(48, 1, 9, 1, 1, 0, 0, 0, 0),
(48, 1, 11, 1, 1, 0, 0, 0, 0),
(48, 1, 1, 1, 2, 0, 0, 0, 0),
(48, 1, 2, 1, 2, 0, 0, 0, 0),
(48, 1, 4, 1, 2, 0, 2, 2, 6),
(48, 1, 5, 1, 2, 0, 1, 1, 5),
(48, 1, 6, 1, 2, 0, 0, 0, 0),
(48, 1, 7, 1, 2, 0, 0, 0, 2),
(48, 1, 8, 1, 2, 0, 0, 0, 0),
(48, 1, 9, 1, 2, 0, 0, 0, 0),
(48, 1, 11, 1, 2, 0, 0, 0, 0),
(48, 1, 1, 1, 3, 0, 0, 0, 0),
(48, 1, 2, 1, 3, 0, 0, 0, 4),
(48, 1, 4, 1, 3, 0, 0, 0, 0),
(48, 1, 5, 1, 3, 0, 0, 0, 2),
(48, 1, 6, 1, 3, 0, 0, 0, 0),
(48, 1, 7, 1, 3, 0, 0, 0, 0),
(48, 1, 8, 1, 3, 0, 0, 0, 0),
(48, 1, 9, 1, 3, 0, 0, 0, 0),
(48, 1, 11, 1, 3, 0, 0, 0, 2),
(48, 1, 1, 1, 4, 1, 0, 0, 11),
(48, 1, 2, 1, 4, 0, 0, 0, 0),
(48, 1, 4, 1, 4, 0, 1, 2, 3),
(48, 1, 5, 1, 4, 0, 0, 0, 0),
(48, 1, 6, 1, 4, 0, 0, 0, 0),
(48, 1, 7, 1, 4, 0, 0, 0, 0),
(48, 1, 8, 1, 4, 0, 0, 0, 0),
(48, 1, 9, 1, 4, 0, 0, 0, 0),
(48, 1, 11, 1, 4, 0, 0, 0, 0),
(51, 0, 1, 1, 1, 0, 0, 0, 0),
(51, 0, 4, 1, 1, 0, 1, 1, 5),
(51, 0, 5, 1, 1, 0, 3, 4, 11),
(51, 0, 6, 1, 1, 0, 0, 0, 0),
(51, 0, 7, 1, 1, 0, 0, 0, 0),
(51, 0, 8, 1, 1, 0, 0, 0, 0),
(51, 0, 9, 1, 1, 0, 0, 0, 0),
(51, 0, 10, 1, 1, 0, 0, 0, 0),
(51, 0, 11, 1, 1, 0, 0, 2, 4),
(51, 0, 1, 1, 2, 0, 4, 4, 8),
(51, 0, 4, 1, 2, 0, 1, 2, 1),
(51, 0, 5, 1, 2, 1, 4, 6, 11),
(51, 0, 6, 1, 2, 0, 0, 0, 0),
(51, 0, 7, 1, 2, 0, 0, 0, 0),
(51, 0, 8, 1, 2, 0, 0, 0, 0),
(51, 0, 9, 1, 2, 0, 0, 0, 0),
(51, 0, 10, 1, 2, 0, 0, 0, 0),
(51, 0, 11, 1, 2, 0, 2, 4, 4),
(51, 0, 1, 1, 3, 0, 0, 0, 2),
(51, 0, 4, 1, 3, 0, 0, 1, 2),
(51, 0, 5, 1, 3, 0, 0, 0, 0),
(51, 0, 6, 1, 3, 0, 0, 0, 0),
(51, 0, 7, 1, 3, 0, 0, 0, 4),
(51, 0, 8, 1, 3, 0, 0, 0, 2),
(51, 0, 9, 1, 3, 0, 0, 0, 0),
(51, 0, 10, 1, 3, 0, 1, 2, 3),
(51, 0, 11, 1, 3, 1, 0, 1, 5),
(51, 0, 1, 1, 4, 0, 0, 0, 6),
(51, 0, 4, 1, 4, 0, 0, 0, 2),
(51, 0, 5, 1, 4, 0, 0, 0, 4),
(51, 0, 6, 1, 4, 0, 0, 0, 0),
(51, 0, 7, 1, 4, 0, 0, 0, 0),
(51, 0, 8, 1, 4, 0, 0, 0, 0),
(51, 0, 9, 1, 4, 0, 0, 0, 0),
(51, 0, 10, 1, 4, 0, 0, 0, 2),
(51, 0, 11, 1, 4, 0, 2, 3, 10),
(68, 1, 1, 10, 1, 0, 0, 0, 6),
(68, 1, 2, 10, 1, 0, 0, 0, 2),
(68, 1, 5, 10, 1, 0, 2, 2, 4),
(68, 1, 7, 10, 1, 0, 0, 0, 0),
(68, 1, 8, 10, 1, 0, 0, 0, 0),
(68, 1, 13, 10, 1, 0, 0, 0, 0),
(68, 1, 14, 10, 1, 0, 0, 0, 0),
(68, 1, 15, 10, 1, 0, 0, 0, 2),
(68, 1, 16, 10, 1, 0, 0, 1, 6),
(68, 1, 20, 10, 1, 0, 0, 0, 0),
(68, 1, 1, 10, 2, 0, 1, 2, 3),
(68, 1, 2, 10, 2, 0, 0, 0, 0),
(68, 1, 5, 10, 2, 0, 0, 0, 2),
(68, 1, 7, 10, 2, 0, 0, 0, 0),
(68, 1, 8, 10, 2, 0, 1, 2, 1),
(68, 1, 13, 10, 2, 0, 0, 0, 0),
(68, 1, 14, 10, 2, 0, 0, 0, 2),
(68, 1, 15, 10, 2, 0, 1, 2, 5),
(68, 1, 16, 10, 2, 0, 0, 0, 4),
(68, 1, 20, 10, 2, 0, 0, 0, 0),
(68, 1, 1, 10, 3, 0, 0, 0, 0),
(68, 1, 2, 10, 3, 0, 0, 0, 4),
(68, 1, 5, 10, 3, 0, 0, 0, 4),
(68, 1, 7, 10, 3, 0, 0, 0, 0),
(68, 1, 8, 10, 3, 0, 0, 0, 0),
(68, 1, 13, 10, 3, 0, 0, 0, 2),
(68, 1, 14, 10, 3, 0, 0, 0, 0),
(68, 1, 15, 10, 3, 1, 0, 0, 9),
(68, 1, 16, 10, 3, 0, 0, 0, 0),
(68, 1, 20, 10, 3, 0, 0, 0, 0),
(68, 1, 1, 10, 4, 0, 4, 6, 12),
(68, 1, 2, 10, 4, 0, 0, 0, 0),
(68, 1, 5, 10, 4, 0, 2, 4, 2),
(68, 1, 7, 10, 4, 0, 0, 0, 0),
(68, 1, 8, 10, 4, 0, 0, 0, 0),
(68, 1, 13, 10, 4, 0, 2, 2, 2),
(68, 1, 14, 10, 4, 1, 0, 0, 3),
(68, 1, 15, 10, 4, 0, 0, 0, 0),
(68, 1, 16, 10, 4, 0, 3, 6, 5),
(68, 1, 20, 10, 4, 0, 0, 0, 0),
(71, 0, 1, 10, 1, 0, 0, 0, 2),
(71, 0, 5, 10, 1, 0, 0, 0, 2),
(71, 0, 8, 10, 1, 0, 0, 0, 0),
(71, 0, 11, 10, 1, 0, 1, 1, 3),
(71, 0, 13, 10, 1, 0, 0, 0, 2),
(71, 0, 14, 10, 1, 0, 0, 0, 0),
(71, 0, 15, 10, 1, 2, 0, 0, 8),
(71, 0, 16, 10, 1, 0, 2, 2, 2),
(71, 0, 19, 10, 1, 0, 0, 0, 2),
(71, 0, 20, 10, 1, 0, 2, 2, 6),
(71, 0, 1, 10, 2, 0, 0, 0, 2),
(71, 0, 5, 10, 2, 0, 2, 2, 4),
(71, 0, 8, 10, 2, 0, 0, 2, 2),
(71, 0, 11, 10, 2, 0, 0, 0, 2),
(71, 0, 13, 10, 2, 0, 0, 2, 2),
(71, 0, 14, 10, 2, 0, 0, 2, 0),
(71, 0, 15, 10, 2, 0, 0, 0, 0),
(71, 0, 16, 10, 2, 0, 0, 0, 4),
(71, 0, 19, 10, 2, 0, 0, 0, 0),
(71, 0, 20, 10, 2, 0, 0, 0, 0),
(71, 0, 1, 10, 3, 0, 0, 0, 6),
(71, 0, 5, 10, 3, 0, 0, 0, 0),
(71, 0, 8, 10, 3, 0, 0, 0, 6),
(71, 0, 11, 10, 3, 0, 0, 0, 0),
(71, 0, 13, 10, 3, 0, 0, 0, 0),
(71, 0, 14, 10, 3, 0, 0, 0, 0),
(71, 0, 15, 10, 3, 1, 0, 0, 7),
(71, 0, 16, 10, 3, 0, 0, 0, 2),
(71, 0, 19, 10, 3, 0, 0, 0, 0),
(71, 0, 20, 10, 3, 0, 0, 0, 0),
(71, 0, 1, 10, 4, 0, 0, 0, 0),
(71, 0, 5, 10, 4, 0, 2, 4, 2),
(71, 0, 8, 10, 4, 0, 0, 0, 0),
(71, 0, 11, 10, 4, 1, 0, 0, 7),
(71, 0, 13, 10, 4, 0, 0, 0, 2),
(71, 0, 14, 10, 4, 0, 1, 2, 3),
(71, 0, 15, 10, 4, 0, 1, 2, 1),
(71, 0, 16, 10, 4, 0, 0, 0, 4),
(71, 0, 19, 10, 4, 0, 0, 0, 4),
(71, 0, 20, 10, 4, 0, 0, 0, 2),
(75, 0, 1, 10, 1, 0, 0, 0, 2),
(75, 0, 5, 10, 1, 1, 0, 0, 9),
(75, 0, 7, 10, 1, 0, 0, 0, 0),
(75, 0, 8, 10, 1, 0, 0, 0, 0),
(75, 0, 9, 10, 1, 0, 0, 0, 0),
(75, 0, 13, 10, 1, 0, 0, 0, 0),
(75, 0, 14, 10, 1, 0, 1, 2, 1),
(75, 0, 16, 10, 1, 0, 1, 2, 3),
(75, 0, 19, 10, 1, 0, 0, 0, 2),
(75, 0, 20, 10, 1, 0, 0, 0, 2),
(75, 0, 1, 10, 2, 0, 0, 0, 0),
(75, 0, 5, 10, 2, 0, 0, 0, 2),
(75, 0, 7, 10, 2, 0, 0, 0, 0),
(75, 0, 8, 10, 2, 0, 0, 0, 0),
(75, 0, 9, 10, 2, 0, 0, 0, 0),
(75, 0, 13, 10, 2, 0, 0, 0, 0),
(75, 0, 14, 10, 2, 0, 0, 0, 0),
(75, 0, 16, 10, 2, 0, 0, 0, 0),
(75, 0, 19, 10, 2, 1, 0, 0, 9),
(75, 0, 20, 10, 2, 0, 0, 0, 0),
(75, 0, 1, 10, 3, 0, 1, 2, 3),
(75, 0, 5, 10, 3, 0, 0, 0, 6),
(75, 0, 7, 10, 3, 0, 0, 0, 0),
(75, 0, 8, 10, 3, 0, 0, 0, 0),
(75, 0, 9, 10, 3, 0, 0, 0, 0),
(75, 0, 13, 10, 3, 0, 0, 0, 0),
(75, 0, 14, 10, 3, 0, 0, 0, 0),
(75, 0, 16, 10, 3, 1, 0, 0, 3),
(75, 0, 19, 10, 3, 0, 2, 2, 2),
(75, 0, 20, 10, 3, 0, 0, 0, 0),
(75, 0, 1, 10, 4, 0, 0, 0, 0),
(75, 0, 5, 10, 4, 0, 1, 5, 3),
(75, 0, 7, 10, 4, 0, 0, 0, 0),
(75, 0, 8, 10, 4, 0, 0, 0, 0),
(75, 0, 9, 10, 4, 0, 0, 0, 0),
(75, 0, 13, 10, 4, 0, 0, 0, 0),
(75, 0, 14, 10, 4, 0, 1, 2, 1),
(75, 0, 16, 10, 4, 2, 0, 0, 8),
(75, 0, 19, 10, 4, 0, 0, 0, 0),
(75, 0, 20, 10, 4, 0, 0, 0, 0),
(77, 1, 4, 10, 1, 0, 0, 0, 0),
(77, 1, 5, 10, 1, 0, 1, 1, 5),
(77, 1, 8, 10, 1, 0, 0, 0, 0),
(77, 1, 9, 10, 1, 0, 0, 0, 0),
(77, 1, 11, 10, 1, 0, 4, 4, 6),
(77, 1, 13, 10, 1, 0, 0, 0, 0),
(77, 1, 14, 10, 1, 0, 1, 1, 5),
(77, 1, 16, 10, 1, 0, 1, 2, 6),
(77, 1, 17, 10, 1, 0, 0, 0, 0),
(77, 1, 19, 10, 1, 1, 0, 0, 7),
(77, 1, 4, 10, 2, 0, 0, 0, 4),
(77, 1, 5, 10, 2, 0, 0, 0, 2),
(77, 1, 8, 10, 2, 0, 0, 0, 0),
(77, 1, 9, 10, 2, 0, 0, 0, 0),
(77, 1, 11, 10, 2, 0, 0, 0, 2),
(77, 1, 13, 10, 2, 0, 0, 0, 2),
(77, 1, 14, 10, 2, 0, 0, 0, 0),
(77, 1, 16, 10, 2, 0, 0, 0, 6),
(77, 1, 17, 10, 2, 0, 0, 0, 2),
(77, 1, 19, 10, 2, 0, 0, 0, 0),
(77, 1, 4, 10, 3, 0, 0, 2, 2),
(77, 1, 5, 10, 3, 0, 2, 2, 2),
(77, 1, 8, 10, 3, 0, 0, 0, 0),
(77, 1, 9, 10, 3, 0, 0, 0, 0),
(77, 1, 11, 10, 3, 1, 4, 8, 15),
(77, 1, 13, 10, 3, 0, 0, 0, 6),
(77, 1, 14, 10, 3, 0, 0, 0, 0),
(77, 1, 16, 10, 3, 1, 0, 0, 5),
(77, 1, 17, 10, 3, 0, 0, 0, 0),
(77, 1, 19, 10, 3, 0, 0, 0, 4),
(77, 1, 4, 10, 4, 0, 0, 0, 2),
(77, 1, 5, 10, 4, 0, 0, 0, 2),
(77, 1, 8, 10, 4, 0, 0, 0, 0),
(77, 1, 9, 10, 4, 0, 0, 0, 0),
(77, 1, 11, 10, 4, 0, 0, 0, 0),
(77, 1, 13, 10, 4, 0, 0, 0, 2),
(77, 1, 14, 10, 4, 0, 0, 0, 2),
(77, 1, 16, 10, 4, 0, 0, 0, 2),
(77, 1, 17, 10, 4, 1, 0, 0, 5),
(77, 1, 19, 10, 4, 0, 0, 0, 4),
(83, 0, 1, 10, 1, 0, 1, 2, 3),
(83, 0, 2, 10, 1, 0, 0, 0, 2),
(83, 0, 5, 10, 1, 0, 0, 0, 4),
(83, 0, 6, 10, 1, 0, 0, 0, 0),
(83, 0, 8, 10, 1, 0, 0, 0, 0),
(83, 0, 10, 10, 1, 0, 0, 0, 0),
(83, 0, 13, 10, 1, 0, 0, 0, 0),
(83, 0, 14, 10, 1, 1, 0, 0, 5),
(83, 0, 15, 10, 1, 0, 0, 0, 4),
(83, 0, 19, 10, 1, 0, 0, 0, 2),
(83, 0, 1, 10, 2, 0, 0, 0, 2),
(83, 0, 2, 10, 2, 0, 1, 2, 1),
(83, 0, 5, 10, 2, 0, 0, 0, 2),
(83, 0, 6, 10, 2, 0, 1, 2, 3),
(83, 0, 8, 10, 2, 0, 0, 0, 0),
(83, 0, 10, 10, 2, 0, 0, 0, 0),
(83, 0, 13, 10, 2, 0, 0, 0, 0),
(83, 0, 14, 10, 2, 0, 0, 0, 0),
(83, 0, 15, 10, 2, 1, 0, 0, 5),
(83, 0, 19, 10, 2, 1, 0, 0, 7),
(83, 0, 1, 10, 3, 0, 0, 0, 0),
(83, 0, 2, 10, 3, 0, 0, 0, 2),
(83, 0, 5, 10, 3, 0, 0, 0, 8),
(83, 0, 6, 10, 3, 0, 0, 0, 0),
(83, 0, 8, 10, 3, 0, 0, 0, 4),
(83, 0, 10, 10, 3, 0, 0, 0, 0),
(83, 0, 13, 10, 3, 0, 0, 0, 2),
(83, 0, 14, 10, 3, 0, 0, 0, 0),
(83, 0, 15, 10, 3, 1, 0, 0, 7),
(83, 0, 19, 10, 3, 0, 1, 2, 5),
(83, 0, 1, 10, 4, 0, 0, 0, 4),
(83, 0, 2, 10, 4, 0, 2, 4, 12),
(83, 0, 5, 10, 4, 0, 2, 2, 2),
(83, 0, 6, 10, 4, 0, 0, 0, 0),
(83, 0, 8, 10, 4, 0, 0, 0, 0),
(83, 0, 10, 10, 4, 0, 2, 2, 2),
(83, 0, 13, 10, 4, 0, 0, 0, 0),
(83, 0, 14, 10, 4, 0, 0, 0, 4),
(83, 0, 15, 10, 4, 1, 0, 0, 3),
(83, 0, 19, 10, 4, 0, 0, 1, 2),
(84, 1, 5, 10, 1, 0, 0, 0, 2),
(84, 1, 6, 10, 1, 0, 0, 0, 0),
(84, 1, 7, 10, 1, 0, 0, 0, 0),
(84, 1, 8, 10, 1, 0, 0, 0, 2),
(84, 1, 11, 10, 1, 0, 0, 0, 0),
(84, 1, 13, 10, 1, 0, 0, 0, 8),
(84, 1, 16, 10, 1, 1, 0, 0, 9),
(84, 1, 17, 10, 1, 0, 0, 0, 0),
(84, 1, 18, 10, 1, 0, 0, 0, 4),
(84, 1, 20, 10, 1, 0, 0, 0, 0),
(84, 1, 5, 10, 2, 0, 1, 2, 1),
(84, 1, 6, 10, 2, 0, 0, 0, 0),
(84, 1, 7, 10, 2, 0, 0, 0, 0),
(84, 1, 8, 10, 2, 0, 0, 0, 0),
(84, 1, 11, 10, 2, 1, 0, 0, 7),
(84, 1, 13, 10, 2, 0, 0, 0, 2),
(84, 1, 16, 10, 2, 1, 0, 0, 3),
(84, 1, 17, 10, 2, 0, 0, 0, 6),
(84, 1, 18, 10, 2, 0, 0, 0, 2),
(84, 1, 20, 10, 2, 0, 0, 0, 0),
(84, 1, 5, 10, 3, 0, 0, 0, 2),
(84, 1, 6, 10, 3, 0, 0, 0, 0),
(84, 1, 7, 10, 3, 0, 0, 0, 0),
(84, 1, 8, 10, 3, 0, 0, 0, 0),
(84, 1, 11, 10, 3, 1, 0, 0, 3),
(84, 1, 13, 10, 3, 0, 0, 0, 0),
(84, 1, 16, 10, 3, 0, 0, 0, 2),
(84, 1, 17, 10, 3, 0, 0, 0, 0),
(84, 1, 18, 10, 3, 0, 0, 0, 4),
(84, 1, 20, 10, 3, 0, 0, 0, 6),
(84, 1, 5, 10, 4, 0, 5, 5, 11),
(84, 1, 6, 10, 4, 0, 0, 2, 0),
(84, 1, 7, 10, 4, 0, 0, 0, 2),
(84, 1, 8, 10, 4, 0, 0, 0, 0),
(84, 1, 11, 10, 4, 0, 0, 0, 0),
(84, 1, 13, 10, 4, 0, 1, 2, 7),
(84, 1, 16, 10, 4, 0, 0, 0, 6),
(84, 1, 17, 10, 4, 0, 1, 2, 3),
(84, 1, 18, 10, 4, 0, 0, 0, 2),
(84, 1, 20, 10, 4, 0, 0, 0, 0),
(95, 0, 5, 10, 1, 0, 0, 0, 2),
(95, 0, 8, 10, 1, 0, 0, 0, 0),
(95, 0, 10, 10, 1, 0, 0, 0, 0),
(95, 0, 11, 10, 1, 0, 0, 0, 0),
(95, 0, 13, 10, 1, 0, 0, 2, 2),
(95, 0, 16, 10, 1, 0, 0, 0, 4),
(95, 0, 17, 10, 1, 0, 0, 0, 0),
(95, 0, 18, 10, 1, 0, 0, 0, 2),
(95, 0, 20, 10, 1, 0, 0, 2, 6),
(95, 0, 5, 10, 2, 0, 2, 2, 2),
(95, 0, 8, 10, 2, 0, 0, 0, 0),
(95, 0, 10, 10, 2, 0, 2, 2, 4),
(95, 0, 11, 10, 2, 0, 1, 3, 1),
(95, 0, 13, 10, 2, 0, 0, 1, 2),
(95, 0, 16, 10, 2, 0, 0, 4, 4),
(95, 0, 17, 10, 2, 0, 0, 0, 0),
(95, 0, 18, 10, 2, 0, 0, 2, 0),
(95, 0, 20, 10, 2, 0, 0, 0, 2),
(95, 0, 5, 10, 3, 0, 3, 4, 5),
(95, 0, 8, 10, 3, 0, 0, 0, 0),
(95, 0, 10, 10, 3, 0, 0, 0, 0),
(95, 0, 11, 10, 3, 0, 0, 0, 0),
(95, 0, 13, 10, 3, 0, 2, 4, 8),
(95, 0, 16, 10, 3, 0, 1, 1, 3),
(95, 0, 17, 10, 3, 0, 0, 0, 0),
(95, 0, 18, 10, 3, 0, 0, 0, 0),
(95, 0, 20, 10, 3, 0, 0, 0, 0),
(95, 0, 5, 10, 4, 0, 0, 0, 4),
(95, 0, 8, 10, 4, 0, 0, 0, 0),
(95, 0, 10, 10, 4, 0, 0, 0, 0),
(95, 0, 11, 10, 4, 0, 0, 0, 0),
(95, 0, 13, 10, 4, 0, 0, 0, 0),
(95, 0, 16, 10, 4, 0, 0, 0, 0),
(95, 0, 17, 10, 4, 0, 0, 0, 0),
(95, 0, 18, 10, 4, 0, 1, 2, 3),
(95, 0, 20, 10, 4, 0, 1, 2, 7),
(98, 1, 5, 10, 1, 0, 0, 0, 0),
(98, 1, 8, 10, 1, 0, 0, 0, 0),
(98, 1, 10, 10, 1, 0, 0, 0, 0),
(98, 1, 11, 10, 1, 1, 2, 2, 5),
(98, 1, 13, 10, 1, 0, 0, 2, 4),
(98, 1, 14, 10, 1, 0, 0, 0, 0),
(98, 1, 16, 10, 1, 0, 0, 0, 6),
(98, 1, 17, 10, 1, 0, 0, 0, 0),
(98, 1, 18, 10, 1, 0, 0, 0, 2),
(98, 1, 20, 10, 1, 0, 0, 0, 2),
(98, 1, 5, 10, 2, 0, 0, 0, 0),
(98, 1, 8, 10, 2, 0, 0, 0, 0),
(98, 1, 10, 10, 2, 0, 1, 2, 1),
(98, 1, 11, 10, 2, 0, 0, 0, 0),
(98, 1, 13, 10, 2, 0, 1, 2, 1),
(98, 1, 14, 10, 2, 0, 0, 0, 2),
(98, 1, 16, 10, 2, 0, 0, 0, 0),
(98, 1, 17, 10, 2, 0, 0, 0, 4),
(98, 1, 18, 10, 2, 0, 0, 0, 4),
(98, 1, 20, 10, 2, 0, 0, 0, 4),
(98, 1, 5, 10, 3, 0, 0, 0, 2),
(98, 1, 8, 10, 3, 0, 0, 0, 0),
(98, 1, 10, 10, 3, 0, 0, 0, 0),
(98, 1, 11, 10, 3, 1, 0, 0, 3),
(98, 1, 13, 10, 3, 0, 0, 0, 4),
(98, 1, 14, 10, 3, 0, 0, 0, 0),
(98, 1, 16, 10, 3, 0, 0, 0, 8),
(98, 1, 17, 10, 3, 0, 0, 0, 0),
(98, 1, 18, 10, 3, 0, 0, 0, 3),
(98, 1, 20, 10, 3, 0, 0, 0, 0),
(98, 1, 5, 10, 4, 0, 0, 0, 0),
(98, 1, 8, 10, 4, 0, 0, 0, 0),
(98, 1, 10, 10, 4, 0, 0, 0, 2),
(98, 1, 11, 10, 4, 0, 0, 0, 0),
(98, 1, 13, 10, 4, 0, 0, 2, 0),
(98, 1, 14, 10, 4, 0, 1, 2, 1),
(98, 1, 16, 10, 4, 0, 1, 4, 3),
(98, 1, 17, 10, 4, 0, 0, 0, 2),
(98, 1, 18, 10, 4, 0, 0, 3, 6),
(98, 1, 20, 10, 4, 0, 0, 0, 0),
(101, 1, 2, 10, 1, 1, 2, 2, 7),
(101, 1, 5, 10, 1, 0, 0, 0, 0),
(101, 1, 7, 10, 1, 0, 0, 0, 0),
(101, 1, 8, 10, 1, 0, 0, 0, 0),
(101, 1, 10, 10, 1, 0, 0, 0, 0),
(101, 1, 11, 10, 1, 0, 0, 0, 2),
(101, 1, 15, 10, 1, 0, 0, 0, 8),
(101, 1, 16, 10, 1, 0, 0, 0, 4),
(101, 1, 17, 10, 1, 0, 0, 0, 0),
(101, 1, 20, 10, 1, 0, 0, 0, 2),
(101, 1, 2, 10, 2, 0, 0, 0, 0),
(101, 1, 5, 10, 2, 0, 0, 0, 10),
(101, 1, 7, 10, 2, 0, 0, 0, 0),
(101, 1, 8, 10, 2, 0, 0, 0, 0),
(101, 1, 10, 10, 2, 0, 0, 0, 0),
(101, 1, 11, 10, 2, 0, 0, 0, 0),
(101, 1, 15, 10, 2, 0, 0, 0, 7),
(101, 1, 16, 10, 2, 0, 0, 0, 2),
(101, 1, 17, 10, 2, 0, 0, 0, 2),
(101, 1, 20, 10, 2, 0, 0, 0, 0),
(101, 1, 2, 10, 3, 0, 0, 0, 2),
(101, 1, 5, 10, 3, 0, 0, 0, 4),
(101, 1, 7, 10, 3, 1, 0, 0, 3),
(101, 1, 8, 10, 3, 0, 0, 0, 0),
(101, 1, 10, 10, 3, 0, 0, 0, 0),
(101, 1, 11, 10, 3, 0, 0, 0, 2),
(101, 1, 15, 10, 3, 0, 0, 0, 6),
(101, 1, 16, 10, 3, 0, 0, 0, 6),
(101, 1, 17, 10, 3, 0, 0, 0, 0),
(101, 1, 20, 10, 3, 0, 0, 0, 0),
(101, 1, 2, 10, 4, 0, 0, 0, 6),
(101, 1, 5, 10, 4, 0, 0, 0, 0),
(101, 1, 7, 10, 4, 1, 0, 0, 5),
(101, 1, 8, 10, 4, 0, 0, 0, 2),
(101, 1, 10, 10, 4, 0, 0, 0, 0),
(101, 1, 11, 10, 4, 0, 0, 0, 2),
(101, 1, 15, 10, 4, 0, 0, 0, 0),
(101, 1, 16, 10, 4, 0, 0, 0, 0),
(101, 1, 17, 10, 4, 0, 1, 2, 1),
(101, 1, 20, 10, 4, 0, 2, 2, 6),
(104, 0, 1, 10, 1, 0, 0, 0, 0),
(104, 0, 2, 10, 1, 0, 1, 2, 3),
(104, 0, 5, 10, 1, 0, 4, 6, 6),
(104, 0, 7, 10, 1, 0, 0, 0, 0),
(104, 0, 8, 10, 1, 0, 0, 0, 0),
(104, 0, 11, 10, 1, 0, 0, 0, 0),
(104, 0, 14, 10, 1, 0, 0, 0, 0),
(104, 0, 15, 10, 1, 2, 0, 0, 10),
(104, 0, 16, 10, 1, 0, 0, 0, 0),
(104, 0, 20, 10, 1, 0, 0, 0, 0),
(104, 0, 1, 10, 2, 0, 0, 0, 2),
(104, 0, 2, 10, 2, 0, 0, 0, 2),
(104, 0, 5, 10, 2, 0, 0, 0, 2),
(104, 0, 7, 10, 2, 0, 0, 0, 0),
(104, 0, 8, 10, 2, 0, 0, 0, 2),
(104, 0, 11, 10, 2, 0, 0, 0, 0),
(104, 0, 14, 10, 2, 0, 0, 0, 2),
(104, 0, 15, 10, 2, 0, 0, 0, 0),
(104, 0, 16, 10, 2, 0, 1, 2, 5),
(104, 0, 20, 10, 2, 0, 0, 0, 2),
(104, 0, 1, 10, 3, 0, 0, 0, 4),
(104, 0, 2, 10, 3, 0, 1, 2, 3),
(104, 0, 5, 10, 3, 0, 2, 2, 2),
(104, 0, 7, 10, 3, 0, 0, 0, 0),
(104, 0, 8, 10, 3, 0, 0, 0, 0),
(104, 0, 11, 10, 3, 0, 0, 2, 0),
(104, 0, 14, 10, 3, 0, 0, 0, 0),
(104, 0, 15, 10, 3, 0, 0, 0, 4),
(104, 0, 16, 10, 3, 0, 3, 6, 7),
(104, 0, 20, 10, 3, 0, 0, 1, 2),
(104, 0, 1, 10, 4, 0, 1, 2, 1),
(104, 0, 2, 10, 4, 0, 1, 2, 1),
(104, 0, 5, 10, 4, 0, 0, 2, 0),
(104, 0, 7, 10, 4, 0, 0, 0, 0),
(104, 0, 8, 10, 4, 0, 0, 0, 0),
(104, 0, 11, 10, 4, 0, 0, 0, 4),
(104, 0, 14, 10, 4, 0, 2, 4, 4),
(104, 0, 15, 10, 4, 0, 1, 2, 7),
(104, 0, 16, 10, 4, 0, 0, 0, 2),
(104, 0, 20, 10, 4, 0, 2, 2, 6),
(108, 1, 2, 10, 1, 0, 0, 0, 0),
(108, 1, 5, 10, 1, 0, 0, 0, 10),
(108, 1, 8, 10, 1, 0, 0, 0, 0),
(108, 1, 11, 10, 1, 0, 2, 2, 7),
(108, 1, 13, 10, 1, 0, 0, 0, 6),
(108, 1, 14, 10, 1, 0, 0, 0, 0),
(108, 1, 15, 10, 1, 0, 0, 0, 4),
(108, 1, 16, 10, 1, 1, 2, 2, 9),
(108, 1, 18, 10, 1, 0, 0, 2, 0),
(108, 1, 19, 10, 1, 0, 0, 0, 0),
(108, 1, 2, 10, 2, 0, 0, 0, 0),
(108, 1, 5, 10, 2, 0, 0, 0, 0),
(108, 1, 8, 10, 2, 0, 0, 0, 4),
(108, 1, 11, 10, 2, 0, 0, 0, 0),
(108, 1, 13, 10, 2, 0, 0, 2, 0),
(108, 1, 14, 10, 2, 0, 0, 0, 2),
(108, 1, 15, 10, 2, 1, 0, 0, 11),
(108, 1, 16, 10, 2, 0, 0, 0, 0),
(108, 1, 18, 10, 2, 1, 0, 0, 3),
(108, 1, 19, 10, 2, 0, 0, 0, 0),
(108, 1, 2, 10, 3, 0, 0, 0, 0),
(108, 1, 5, 10, 3, 0, 1, 1, 9),
(108, 1, 8, 10, 3, 0, 0, 0, 0),
(108, 1, 11, 10, 3, 0, 0, 0, 0),
(108, 1, 13, 10, 3, 0, 2, 4, 10),
(108, 1, 14, 10, 3, 0, 0, 0, 0),
(108, 1, 15, 10, 3, 0, 0, 0, 0),
(108, 1, 16, 10, 3, 0, 0, 0, 0),
(108, 1, 18, 10, 3, 0, 1, 2, 3),
(108, 1, 19, 10, 3, 0, 0, 0, 2),
(108, 1, 2, 10, 4, 0, 0, 0, 4),
(108, 1, 5, 10, 4, 0, 0, 0, 0),
(108, 1, 8, 10, 4, 0, 0, 0, 4),
(108, 1, 11, 10, 4, 0, 0, 0, 4),
(108, 1, 13, 10, 4, 0, 0, 0, 0),
(108, 1, 14, 10, 4, 0, 2, 4, 4),
(108, 1, 15, 10, 4, 1, 0, 0, 7),
(108, 1, 16, 10, 4, 0, 0, 0, 6),
(108, 1, 18, 10, 4, 0, 0, 0, 0),
(108, 1, 19, 10, 4, 0, 0, 0, 6),
(110, 0, 1, 10, 1, 0, 0, 0, 0),
(110, 0, 2, 10, 1, 0, 0, 0, 2),
(110, 0, 5, 10, 1, 0, 0, 0, 4),
(110, 0, 8, 10, 1, 0, 0, 0, 2),
(110, 0, 11, 10, 1, 0, 2, 2, 2),
(110, 0, 13, 10, 1, 0, 0, 0, 0),
(110, 0, 15, 10, 1, 0, 0, 0, 4),
(110, 0, 16, 10, 1, 0, 0, 0, 0),
(110, 0, 19, 10, 1, 0, 0, 0, 2),
(110, 0, 20, 10, 1, 0, 0, 0, 2),
(110, 0, 1, 10, 2, 0, 0, 0, 4),
(110, 0, 2, 10, 2, 0, 1, 2, 1),
(110, 0, 5, 10, 2, 0, 0, 0, 4),
(110, 0, 8, 10, 2, 0, 1, 2, 1),
(110, 0, 11, 10, 2, 0, 1, 1, 3),
(110, 0, 13, 10, 2, 0, 0, 0, 0),
(110, 0, 15, 10, 2, 0, 0, 0, 0),
(110, 0, 16, 10, 2, 0, 0, 0, 2),
(110, 0, 19, 10, 2, 3, 0, 1, 9),
(110, 0, 20, 10, 2, 0, 0, 0, 0),
(110, 0, 1, 10, 3, 0, 0, 0, 2),
(110, 0, 2, 10, 3, 0, 0, 0, 0),
(110, 0, 5, 10, 3, 0, 0, 0, 0),
(110, 0, 8, 10, 3, 0, 0, 0, 0),
(110, 0, 11, 10, 3, 0, 1, 2, 1),
(110, 0, 13, 10, 3, 0, 0, 0, 0),
(110, 0, 15, 10, 3, 0, 1, 2, 17),
(110, 0, 16, 10, 3, 0, 0, 0, 0),
(110, 0, 19, 10, 3, 0, 0, 0, 2),
(110, 0, 20, 10, 3, 0, 0, 0, 4),
(110, 0, 1, 10, 4, 0, 0, 0, 0),
(110, 0, 2, 10, 4, 0, 0, 0, 0),
(110, 0, 5, 10, 4, 0, 1, 1, 7),
(110, 0, 8, 10, 4, 0, 0, 0, 2),
(110, 0, 11, 10, 4, 0, 0, 0, 0),
(110, 0, 13, 10, 4, 0, 0, 0, 4),
(110, 0, 15, 10, 4, 0, 1, 2, 5),
(110, 0, 16, 10, 4, 0, 0, 0, 0),
(110, 0, 19, 10, 4, 0, 0, 0, 6),
(110, 0, 20, 10, 4, 0, 2, 2, 2),
(117, 0, 1, 32, 1, 0, 0, 0, 4),
(117, 0, 2, 32, 1, 0, 0, 0, 0),
(117, 0, 5, 32, 1, 0, 2, 2, 8),
(117, 0, 8, 32, 1, 0, 0, 0, 0),
(117, 0, 11, 32, 1, 0, 0, 0, 0),
(117, 0, 13, 32, 1, 0, 2, 2, 4),
(117, 0, 14, 32, 1, 0, 0, 0, 0),
(117, 0, 16, 32, 1, 0, 1, 2, 3),
(117, 0, 18, 32, 1, 0, 0, 0, 0),
(117, 0, 21, 32, 1, 0, 0, 0, 0),
(117, 0, 1, 32, 2, 0, 0, 0, 0),
(117, 0, 2, 32, 2, 0, 0, 0, 6),
(117, 0, 5, 32, 2, 0, 0, 0, 2),
(117, 0, 8, 32, 2, 0, 0, 0, 0),
(117, 0, 11, 32, 2, 1, 1, 2, 6),
(117, 0, 13, 32, 2, 0, 0, 0, 0),
(117, 0, 14, 32, 2, 0, 0, 0, 0),
(117, 0, 16, 32, 2, 0, 0, 0, 2),
(117, 0, 18, 32, 2, 0, 0, 0, 0),
(117, 0, 21, 32, 2, 0, 0, 2, 0),
(117, 0, 1, 32, 3, 0, 0, 0, 0),
(117, 0, 2, 32, 3, 1, 0, 0, 3),
(117, 0, 5, 32, 3, 1, 0, 1, 3),
(117, 0, 8, 32, 3, 0, 1, 2, 1),
(117, 0, 11, 32, 3, 0, 1, 2, 1),
(117, 0, 13, 32, 3, 0, 0, 3, 2),
(117, 0, 14, 32, 3, 0, 0, 0, 0),
(117, 0, 16, 32, 3, 0, 2, 2, 4),
(117, 0, 18, 32, 3, 0, 0, 0, 0),
(117, 0, 21, 32, 3, 0, 0, 0, 4),
(117, 0, 1, 32, 4, 0, 0, 0, 0),
(117, 0, 2, 32, 4, 0, 0, 0, 0),
(117, 0, 5, 32, 4, 0, 0, 0, 0),
(117, 0, 8, 32, 4, 0, 0, 0, 0),
(117, 0, 11, 32, 4, 1, 2, 2, 7),
(117, 0, 13, 32, 4, 0, 0, 0, 0),
(117, 0, 14, 32, 4, 0, 0, 0, 4),
(117, 0, 16, 32, 4, 0, 0, 0, 4),
(117, 0, 18, 32, 4, 0, 0, 0, 0),
(117, 0, 21, 32, 4, 0, 0, 0, 0),
(121, 1, 1, 32, 1, 0, 1, 2, 1),
(121, 1, 2, 32, 1, 0, 0, 0, 0),
(121, 1, 5, 32, 1, 0, 0, 0, 0),
(121, 1, 8, 32, 1, 0, 0, 0, 0),
(121, 1, 10, 32, 1, 0, 0, 0, 0),
(121, 1, 11, 32, 1, 0, 1, 2, 5),
(121, 1, 13, 32, 1, 0, 0, 0, 2),
(121, 1, 14, 32, 1, 0, 0, 0, 2),
(121, 1, 16, 32, 1, 0, 2, 4, 4),
(121, 1, 21, 32, 1, 0, 0, 0, 0),
(121, 1, 1, 32, 2, 0, 0, 0, 4),
(121, 1, 2, 32, 2, 0, 3, 4, 5),
(121, 1, 5, 32, 2, 1, 0, 0, 7),
(121, 1, 8, 32, 2, 0, 0, 2, 2),
(121, 1, 10, 32, 2, 0, 0, 0, 0),
(121, 1, 11, 32, 2, 0, 0, 0, 0),
(121, 1, 13, 32, 2, 0, 0, 0, 0),
(121, 1, 14, 32, 2, 0, 0, 0, 0),
(121, 1, 16, 32, 2, 0, 1, 2, 3),
(121, 1, 21, 32, 2, 0, 1, 4, 1),
(121, 1, 1, 32, 3, 0, 0, 0, 2),
(121, 1, 2, 32, 3, 0, 1, 2, 1),
(121, 1, 5, 32, 3, 0, 0, 2, 6),
(121, 1, 8, 32, 3, 0, 0, 0, 0),
(121, 1, 10, 32, 3, 0, 0, 0, 0),
(121, 1, 11, 32, 3, 0, 2, 2, 2),
(121, 1, 13, 32, 3, 0, 1, 3, 5),
(121, 1, 14, 32, 3, 0, 0, 0, 0),
(121, 1, 16, 32, 3, 0, 0, 0, 4),
(121, 1, 21, 32, 3, 0, 8, 8, 8),
(121, 1, 1, 32, 4, 0, 1, 2, 3),
(121, 1, 2, 32, 4, 0, 0, 0, 0),
(121, 1, 5, 32, 4, 0, 0, 0, 0),
(121, 1, 8, 32, 4, 0, 0, 0, 6),
(121, 1, 10, 32, 4, 0, 0, 0, 0),
(121, 1, 11, 32, 4, 0, 0, 0, 0),
(121, 1, 13, 32, 4, 0, 0, 0, 0),
(121, 1, 14, 32, 4, 0, 0, 0, 6),
(121, 1, 16, 32, 4, 0, 0, 0, 0),
(121, 1, 21, 32, 4, 0, 0, 0, 4),
(128, 0, 1, 32, 1, 0, 0, 0, 0),
(128, 0, 2, 32, 1, 0, 0, 0, 0),
(128, 0, 5, 32, 1, 0, 2, 2, 8),
(128, 0, 8, 32, 1, 0, 0, 0, 0),
(128, 0, 10, 32, 1, 0, 0, 0, 0),
(128, 0, 11, 32, 1, 0, 0, 0, 0),
(128, 0, 13, 32, 1, 0, 0, 0, 2),
(128, 0, 14, 32, 1, 0, 0, 0, 0),
(128, 0, 16, 32, 1, 0, 0, 0, 6),
(128, 0, 21, 32, 1, 0, 1, 3, 3),
(128, 0, 1, 32, 2, 0, 0, 0, 0),
(128, 0, 2, 32, 2, 0, 0, 0, 0),
(128, 0, 5, 32, 2, 0, 2, 2, 4),
(128, 0, 8, 32, 2, 0, 1, 1, 5),
(128, 0, 10, 32, 2, 0, 0, 0, 2),
(128, 0, 11, 32, 2, 1, 0, 0, 3),
(128, 0, 13, 32, 2, 0, 0, 0, 0),
(128, 0, 14, 32, 2, 0, 0, 0, 0),
(128, 0, 16, 32, 2, 0, 0, 0, 2),
(128, 0, 21, 32, 2, 0, 3, 4, 5),
(128, 0, 1, 32, 3, 0, 1, 2, 3),
(128, 0, 2, 32, 3, 0, 0, 0, 0),
(128, 0, 5, 32, 3, 0, 0, 0, 0),
(128, 0, 8, 32, 3, 0, 0, 0, 0),
(128, 0, 10, 32, 3, 0, 0, 0, 0),
(128, 0, 11, 32, 3, 1, 0, 0, 5),
(128, 0, 13, 32, 3, 0, 0, 0, 0),
(128, 0, 14, 32, 3, 0, 0, 0, 0),
(128, 0, 16, 32, 3, 0, 2, 2, 4),
(128, 0, 21, 32, 3, 0, 2, 2, 4),
(128, 0, 1, 32, 4, 0, 0, 0, 0),
(128, 0, 2, 32, 4, 0, 0, 0, 0),
(128, 0, 5, 32, 4, 1, 1, 2, 10),
(128, 0, 8, 32, 4, 0, 0, 0, 2),
(128, 0, 10, 32, 4, 0, 0, 0, 4),
(128, 0, 11, 32, 4, 0, 1, 2, 1),
(128, 0, 13, 32, 4, 0, 0, 4, 0),
(128, 0, 14, 32, 4, 0, 0, 0, 0),
(128, 0, 16, 32, 4, 0, 1, 2, 3),
(128, 0, 21, 32, 4, 0, 0, 0, 4),
(130, 0, 1, 32, 1, 0, 2, 2, 4),
(130, 0, 2, 32, 1, 0, 2, 2, 6),
(130, 0, 5, 32, 1, 1, 0, 0, 11),
(130, 0, 8, 32, 1, 0, 0, 0, 0),
(130, 0, 13, 32, 1, 0, 1, 2, 1),
(130, 0, 14, 32, 1, 0, 0, 0, 0),
(130, 0, 16, 32, 1, 0, 1, 2, 5),
(130, 0, 21, 32, 1, 0, 1, 2, 7),
(130, 0, 1, 32, 2, 0, 1, 2, 3),
(130, 0, 2, 32, 2, 0, 1, 2, 3),
(130, 0, 5, 32, 2, 0, 2, 2, 4),
(130, 0, 8, 32, 2, 0, 1, 2, 5),
(130, 0, 13, 32, 2, 0, 0, 0, 0),
(130, 0, 14, 32, 2, 0, 0, 0, 4),
(130, 0, 16, 32, 2, 0, 0, 0, 0),
(130, 0, 21, 32, 2, 0, 0, 0, 0),
(130, 0, 1, 32, 3, 0, 1, 2, 3),
(130, 0, 2, 32, 3, 0, 0, 0, 4),
(130, 0, 5, 32, 3, 0, 2, 2, 8),
(130, 0, 8, 32, 3, 0, 0, 0, 0),
(130, 0, 13, 32, 3, 0, 0, 0, 0),
(130, 0, 14, 32, 3, 0, 0, 0, 0),
(130, 0, 16, 32, 3, 1, 0, 0, 9),
(130, 0, 21, 32, 3, 0, 1, 2, 3),
(130, 0, 1, 32, 4, 1, 2, 2, 7),
(130, 0, 2, 32, 4, 0, 0, 0, 0),
(130, 0, 5, 32, 4, 0, 0, 2, 8),
(130, 0, 8, 32, 4, 0, 0, 2, 4),
(130, 0, 13, 32, 4, 0, 0, 0, 2),
(130, 0, 14, 32, 4, 0, 0, 0, 0),
(130, 0, 16, 32, 4, 0, 0, 0, 4),
(130, 0, 21, 32, 4, 0, 1, 2, 1),
(135, 1, 1, 32, 1, 0, 4, 5, 6),
(135, 1, 2, 32, 1, 0, 0, 0, 0),
(135, 1, 4, 32, 1, 0, 0, 0, 0),
(135, 1, 5, 32, 1, 0, 3, 4, 19),
(135, 1, 7, 32, 1, 0, 0, 0, 0),
(135, 1, 8, 32, 1, 0, 0, 0, 0),
(135, 1, 14, 32, 1, 0, 0, 0, 2),
(135, 1, 15, 32, 1, 0, 0, 0, 0),
(135, 1, 16, 32, 1, 0, 0, 0, 2),
(135, 1, 21, 32, 1, 0, 0, 0, 0),
(135, 1, 1, 32, 2, 0, 0, 0, 2),
(135, 1, 2, 32, 2, 0, 1, 2, 3),
(135, 1, 4, 32, 2, 0, 0, 2, 0),
(135, 1, 5, 32, 2, 1, 0, 0, 3),
(135, 1, 7, 32, 2, 0, 0, 0, 0),
(135, 1, 8, 32, 2, 0, 0, 0, 0),
(135, 1, 14, 32, 2, 0, 0, 0, 2),
(135, 1, 15, 32, 2, 0, 0, 0, 0),
(135, 1, 16, 32, 2, 0, 1, 2, 5),
(135, 1, 21, 32, 2, 0, 1, 3, 3),
(135, 1, 1, 32, 3, 0, 2, 2, 8),
(135, 1, 2, 32, 3, 0, 0, 0, 2),
(135, 1, 4, 32, 3, 0, 0, 0, 0),
(135, 1, 5, 32, 3, 0, 0, 0, 6),
(135, 1, 7, 32, 3, 0, 0, 0, 0),
(135, 1, 8, 32, 3, 0, 0, 0, 0),
(135, 1, 14, 32, 3, 0, 0, 0, 2),
(135, 1, 15, 32, 3, 0, 0, 0, 0),
(135, 1, 16, 32, 3, 0, 2, 2, 4),
(135, 1, 21, 32, 3, 0, 0, 0, 2),
(135, 1, 1, 32, 4, 0, 0, 1, 6),
(135, 1, 2, 32, 4, 0, 0, 0, 4),
(135, 1, 4, 32, 4, 0, 0, 0, 4),
(135, 1, 5, 32, 4, 0, 0, 0, 2),
(135, 1, 7, 32, 4, 0, 2, 2, 2),
(135, 1, 8, 32, 4, 0, 1, 4, 1),
(135, 1, 14, 32, 4, 0, 0, 0, 0),
(135, 1, 15, 32, 4, 0, 2, 2, 2),
(135, 1, 16, 32, 4, 0, 0, 0, 2),
(135, 1, 21, 32, 4, 0, 3, 4, 3),
(141, 0, 1, 32, 1, 0, 0, 0, 2),
(141, 0, 2, 32, 1, 0, 0, 0, 2),
(141, 0, 5, 32, 1, 1, 0, 0, 7),
(141, 0, 8, 32, 1, 0, 0, 0, 2),
(141, 0, 11, 32, 1, 0, 0, 0, 0),
(141, 0, 14, 32, 1, 0, 0, 0, 0),
(141, 0, 15, 32, 1, 0, 0, 0, 0),
(141, 0, 16, 32, 1, 0, 0, 0, 0),
(141, 0, 20, 32, 1, 0, 0, 0, 0),
(141, 0, 21, 32, 1, 0, 1, 1, 5),
(141, 0, 1, 32, 2, 0, 0, 0, 4),
(141, 0, 2, 32, 2, 0, 0, 0, 0),
(141, 0, 5, 32, 2, 0, 0, 0, 0),
(141, 0, 8, 32, 2, 0, 0, 0, 0),
(141, 0, 11, 32, 2, 0, 0, 0, 0),
(141, 0, 14, 32, 2, 0, 0, 0, 0),
(141, 0, 15, 32, 2, 1, 0, 2, 9),
(141, 0, 16, 32, 2, 0, 0, 0, 0),
(141, 0, 20, 32, 2, 0, 0, 0, 2),
(141, 0, 21, 32, 2, 0, 1, 1, 7),
(141, 0, 1, 32, 3, 0, 0, 0, 2),
(141, 0, 2, 32, 3, 0, 0, 0, 0),
(141, 0, 5, 32, 3, 1, 0, 0, 5),
(141, 0, 8, 32, 3, 0, 0, 0, 0),
(141, 0, 11, 32, 3, 2, 3, 3, 13),
(141, 0, 14, 32, 3, 0, 0, 0, 0),
(141, 0, 15, 32, 3, 0, 0, 0, 4),
(141, 0, 16, 32, 3, 0, 0, 0, 4),
(141, 0, 20, 32, 3, 0, 0, 0, 2),
(141, 0, 21, 32, 3, 0, 0, 0, 0),
(141, 0, 1, 32, 4, 0, 0, 0, 0),
(141, 0, 2, 32, 4, 0, 0, 0, 2),
(141, 0, 5, 32, 4, 0, 0, 0, 2),
(141, 0, 8, 32, 4, 0, 1, 2, 1),
(141, 0, 11, 32, 4, 0, 3, 4, 3),
(141, 0, 14, 32, 4, 0, 1, 2, 1),
(141, 0, 15, 32, 4, 0, 3, 6, 5),
(141, 0, 16, 32, 4, 0, 0, 0, 0),
(141, 0, 20, 32, 4, 0, 2, 4, 4),
(141, 0, 21, 32, 4, 0, 1, 2, 1),
(147, 1, 1, 32, 1, 0, 0, 0, 0),
(147, 1, 2, 32, 1, 0, 0, 0, 4),
(147, 1, 5, 32, 1, 1, 0, 2, 3),
(147, 1, 7, 32, 1, 0, 0, 0, 0),
(147, 1, 8, 32, 1, 0, 0, 0, 0),
(147, 1, 11, 32, 1, 0, 0, 0, 2),
(147, 1, 13, 32, 1, 0, 0, 0, 0),
(147, 1, 14, 32, 1, 0, 0, 0, 0),
(147, 1, 16, 32, 1, 0, 2, 2, 4),
(147, 1, 21, 32, 1, 0, 2, 3, 8),
(147, 1, 1, 32, 2, 0, 0, 0, 0),
(147, 1, 2, 32, 2, 0, 0, 0, 2),
(147, 1, 5, 32, 2, 0, 0, 0, 2),
(147, 1, 7, 32, 2, 0, 0, 0, 0),
(147, 1, 8, 32, 2, 0, 0, 0, 0),
(147, 1, 11, 32, 2, 1, 0, 0, 3),
(147, 1, 13, 32, 2, 0, 0, 0, 0),
(147, 1, 14, 32, 2, 0, 0, 0, 0),
(147, 1, 16, 32, 2, 0, 0, 0, 4),
(147, 1, 21, 32, 2, 0, 0, 0, 2),
(147, 1, 1, 32, 3, 0, 0, 0, 6),
(147, 1, 2, 32, 3, 0, 0, 0, 2),
(147, 1, 5, 32, 3, 0, 0, 0, 2),
(147, 1, 7, 32, 3, 0, 0, 0, 0),
(147, 1, 8, 32, 3, 0, 0, 0, 0),
(147, 1, 11, 32, 3, 1, 0, 0, 3),
(147, 1, 13, 32, 3, 0, 0, 0, 2),
(147, 1, 14, 32, 3, 0, 0, 0, 0),
(147, 1, 16, 32, 3, 0, 0, 0, 4),
(147, 1, 21, 32, 3, 0, 2, 2, 2),
(147, 1, 1, 32, 4, 1, 0, 0, 7),
(147, 1, 2, 32, 4, 0, 0, 0, 0),
(147, 1, 5, 32, 4, 0, 0, 0, 0),
(147, 1, 7, 32, 4, 0, 0, 0, 0),
(147, 1, 8, 32, 4, 0, 1, 4, 1),
(147, 1, 11, 32, 4, 0, 0, 2, 0),
(147, 1, 13, 32, 4, 0, 1, 2, 1),
(147, 1, 14, 32, 4, 0, 0, 0, 0),
(147, 1, 16, 32, 4, 0, 0, 0, 2),
(147, 1, 21, 32, 4, 0, 1, 2, 3),
(154, 0, 1, 32, 1, 0, 0, 0, 2),
(154, 0, 2, 32, 1, 0, 0, 0, 2),
(154, 0, 5, 32, 1, 1, 0, 0, 9),
(154, 0, 8, 32, 1, 0, 0, 0, 2),
(154, 0, 10, 32, 1, 0, 0, 0, 0),
(154, 0, 13, 32, 1, 0, 0, 1, 8),
(154, 0, 14, 32, 1, 0, 1, 4, 1),
(154, 0, 22, 32, 1, 0, 0, 0, 0),
(154, 0, 23, 32, 1, 0, 0, 0, 0),
(154, 0, 1, 32, 2, 0, 0, 0, 2),
(154, 0, 2, 32, 2, 0, 0, 0, 0),
(154, 0, 5, 32, 2, 0, 2, 4, 2),
(154, 0, 8, 32, 2, 0, 1, 2, 3),
(154, 0, 10, 32, 2, 0, 0, 0, 0),
(154, 0, 13, 32, 2, 0, 1, 2, 1),
(154, 0, 14, 32, 2, 0, 0, 0, 6),
(154, 0, 22, 32, 2, 0, 0, 0, 2),
(154, 0, 23, 32, 2, 0, 0, 0, 0),
(154, 0, 1, 32, 3, 0, 3, 3, 3),
(154, 0, 2, 32, 3, 1, 0, 0, 6),
(154, 0, 5, 32, 3, 0, 1, 2, 3),
(154, 0, 8, 32, 3, 0, 1, 2, 3),
(154, 0, 10, 32, 3, 0, 0, 0, 0),
(154, 0, 13, 32, 3, 0, 0, 0, 2),
(154, 0, 14, 32, 3, 0, 2, 2, 2),
(154, 0, 22, 32, 3, 0, 0, 0, 2),
(154, 0, 23, 32, 3, 0, 0, 0, 0),
(154, 0, 1, 32, 4, 0, 0, 0, 2),
(154, 0, 2, 32, 4, 1, 2, 2, 7),
(154, 0, 5, 32, 4, 2, 1, 2, 7),
(154, 0, 8, 32, 4, 0, 0, 0, 0),
(154, 0, 10, 32, 4, 0, 0, 0, 0),
(154, 0, 13, 32, 4, 0, 3, 4, 3),
(154, 0, 14, 32, 4, 0, 1, 2, 3),
(154, 0, 22, 32, 4, 0, 0, 0, 0),
(154, 0, 23, 32, 4, 0, 0, 0, 0),
(156, 1, 2, 32, 1, 0, 0, 0, 0),
(156, 1, 5, 32, 1, 0, 0, 0, 6),
(156, 1, 8, 32, 1, 0, 0, 0, 0),
(156, 1, 11, 32, 1, 0, 0, 0, 0),
(156, 1, 13, 32, 1, 0, 0, 0, 4),
(156, 1, 14, 32, 1, 0, 0, 0, 2),
(156, 1, 15, 32, 1, 0, 0, 0, 2),
(156, 1, 16, 32, 1, 0, 0, 0, 0),
(156, 1, 21, 32, 1, 0, 0, 0, 0),
(156, 1, 22, 32, 1, 0, 0, 0, 0),
(156, 1, 2, 32, 2, 0, 0, 0, 2),
(156, 1, 5, 32, 2, 0, 2, 2, 14),
(156, 1, 8, 32, 2, 0, 0, 0, 2),
(156, 1, 11, 32, 2, 0, 1, 2, 3),
(156, 1, 13, 32, 2, 0, 0, 0, 0),
(156, 1, 14, 32, 2, 0, 1, 2, 1),
(156, 1, 15, 32, 2, 0, 0, 0, 0),
(156, 1, 16, 32, 2, 0, 1, 2, 1),
(156, 1, 21, 32, 2, 0, 1, 1, 3),
(156, 1, 22, 32, 2, 0, 0, 0, 0),
(156, 1, 2, 32, 3, 0, 0, 0, 0),
(156, 1, 5, 32, 3, 0, 1, 2, 9),
(156, 1, 8, 32, 3, 0, 0, 0, 2),
(156, 1, 11, 32, 3, 0, 0, 0, 0),
(156, 1, 13, 32, 3, 0, 0, 0, 4),
(156, 1, 14, 32, 3, 0, 0, 0, 2),
(156, 1, 15, 32, 3, 0, 0, 0, 2),
(156, 1, 16, 32, 3, 1, 0, 0, 9),
(156, 1, 21, 32, 3, 0, 0, 0, 4),
(156, 1, 22, 32, 3, 0, 0, 0, 0),
(156, 1, 2, 32, 4, 0, 0, 0, 0),
(156, 1, 5, 32, 4, 1, 3, 4, 6),
(156, 1, 8, 32, 4, 0, 1, 2, 1),
(156, 1, 11, 32, 4, 1, 1, 2, 6),
(156, 1, 13, 32, 4, 0, 1, 3, 3),
(156, 1, 14, 32, 4, 0, 0, 0, 0),
(156, 1, 15, 32, 4, 0, 0, 0, 0),
(156, 1, 16, 32, 4, 0, 1, 1, 5),
(156, 1, 21, 32, 4, 0, 0, 1, 2),
(156, 1, 22, 32, 4, 0, 0, 0, 2),
(165, 0, 2, 32, 1, 0, 0, 0, 0),
(165, 0, 5, 32, 1, 2, 0, 0, 6),
(165, 0, 8, 32, 1, 0, 0, 0, 0),
(165, 0, 11, 32, 1, 0, 0, 0, 0),
(165, 0, 13, 32, 1, 0, 0, 0, 2),
(165, 0, 14, 32, 1, 0, 0, 0, 0),
(165, 0, 17, 32, 1, 0, 0, 0, 0),
(165, 0, 21, 32, 1, 0, 1, 2, 5),
(165, 0, 24, 32, 1, 0, 0, 0, 0),
(165, 0, 25, 32, 1, 0, 0, 0, 0),
(165, 0, 2, 32, 2, 0, 1, 2, 1),
(165, 0, 5, 32, 2, 0, 0, 0, 2),
(165, 0, 8, 32, 2, 0, 0, 2, 0),
(165, 0, 11, 32, 2, 1, 3, 6, 8),
(165, 0, 13, 32, 2, 0, 0, 2, 0),
(165, 0, 14, 32, 2, 0, 0, 0, 4),
(165, 0, 17, 32, 2, 0, 0, 0, 0),
(165, 0, 21, 32, 2, 0, 0, 0, 0),
(165, 0, 24, 32, 2, 0, 0, 0, 0),
(165, 0, 25, 32, 2, 0, 0, 0, 4),
(165, 0, 2, 32, 3, 1, 0, 0, 3),
(165, 0, 5, 32, 3, 2, 3, 4, 13),
(165, 0, 8, 32, 3, 0, 0, 0, 4),
(165, 0, 11, 32, 3, 0, 0, 0, 0),
(165, 0, 13, 32, 3, 0, 0, 0, 0),
(165, 0, 14, 32, 3, 0, 0, 0, 0),
(165, 0, 17, 32, 3, 0, 0, 0, 0),
(165, 0, 21, 32, 3, 0, 2, 3, 6),
(165, 0, 24, 32, 3, 0, 0, 0, 0),
(165, 0, 25, 32, 3, 0, 2, 2, 2),
(165, 0, 2, 32, 4, 0, 0, 0, 0),
(165, 0, 5, 32, 4, 0, 1, 2, 1),
(165, 0, 8, 32, 4, 0, 0, 0, 2),
(165, 0, 11, 32, 4, 1, 6, 8, 15),
(165, 0, 13, 32, 4, 0, 0, 0, 0),
(165, 0, 14, 32, 4, 0, 1, 4, 1),
(165, 0, 17, 32, 4, 0, 0, 0, 0),
(165, 0, 21, 32, 4, 0, 0, 2, 4),
(165, 0, 24, 32, 4, 0, 0, 0, 0),
(165, 0, 25, 32, 4, 0, 0, 0, 0),
(172, 1, 1, 32, 1, 0, 0, 0, 0),
(172, 1, 2, 32, 1, 0, 2, 2, 4),
(172, 1, 5, 32, 1, 0, 0, 1, 6),
(172, 1, 8, 32, 1, 0, 0, 0, 0),
(172, 1, 11, 32, 1, 0, 0, 0, 2),
(172, 1, 13, 32, 1, 0, 0, 0, 0),
(172, 1, 14, 32, 1, 0, 1, 3, 3),
(172, 1, 16, 32, 1, 2, 0, 0, 8),
(172, 1, 20, 32, 1, 0, 0, 2, 0),
(172, 1, 26, 32, 1, 0, 0, 0, 0),
(172, 1, 1, 32, 2, 0, 0, 0, 0),
(172, 1, 2, 32, 2, 0, 0, 0, 0),
(172, 1, 5, 32, 2, 1, 0, 0, 5),
(172, 1, 8, 32, 2, 0, 0, 0, 0),
(172, 1, 11, 32, 2, 2, 0, 0, 8),
(172, 1, 13, 32, 2, 0, 0, 1, 4),
(172, 1, 14, 32, 2, 0, 0, 0, 0),
(172, 1, 16, 32, 2, 0, 0, 0, 2),
(172, 1, 20, 32, 2, 0, 0, 0, 2),
(172, 1, 26, 32, 2, 0, 0, 0, 0),
(172, 1, 1, 32, 3, 0, 0, 0, 0),
(172, 1, 2, 32, 3, 0, 0, 0, 0),
(172, 1, 5, 32, 3, 0, 3, 4, 9),
(172, 1, 8, 32, 3, 0, 0, 0, 0),
(172, 1, 11, 32, 3, 0, 0, 0, 0),
(172, 1, 13, 32, 3, 0, 0, 0, 0),
(172, 1, 14, 32, 3, 0, 1, 2, 1),
(172, 1, 16, 32, 3, 0, 0, 0, 0),
(172, 1, 20, 32, 3, 0, 0, 2, 0),
(172, 1, 26, 32, 3, 0, 0, 0, 6),
(172, 1, 1, 32, 4, 1, 0, 0, 9),
(172, 1, 2, 32, 4, 0, 0, 0, 2),
(172, 1, 5, 32, 4, 0, 2, 2, 2),
(172, 1, 8, 32, 4, 0, 0, 0, 0),
(172, 1, 11, 32, 4, 1, 0, 0, 3),
(172, 1, 13, 32, 4, 0, 0, 0, 2),
(172, 1, 14, 32, 4, 0, 0, 0, 0),
(172, 1, 16, 32, 4, 0, 0, 0, 0),
(172, 1, 20, 32, 4, 0, 1, 2, 1),
(172, 1, 26, 32, 4, 0, 0, 0, 2);

CREATE VIEW GameLogs AS
SELECT
    ga.id                                                                                          AS game_id
  , MIN(scf.is_home)                                                                               AS is_home
  , pl.id                                                                                          AS player_id
  , MIN(rof.id)                                                                                    AS roster_id
  , MIN(rof.season_start_year)                                                                     AS season_start_year
  , MIN(CASE WHEN ga.actual_tipoff IS NOT NULL THEN ga.actual_tipoff ELSE ga.scheduled_tipoff END) AS tipoff
  , MIN(ga.scheduled_tipoff)                                                                       AS scheduled_tipoff
  , MIN(ga.matchday_nbr)                                                                           AS game_matchday_nbr
  , MIN(ga.official_nbr)                                                                           AS game_official_nbr
  , MIN(clf.name)                                                                                  AS club_name
  , MIN(clf.code)                                                                                  AS club_code
  , MIN(tef.ordinal_nbr)                                                                           AS team_ordinal_nbr
  , MIN(scf.final_score)                                                                           AS final_score
  , MIN(roa.id)                                                                                    AS opponent_roster_id
  , MIN(cla.name)                                                                                  AS opponent_club_name
  , MIN(cla.code)                                                                                  AS opponent_club_code
  , MIN(tea.ordinal_nbr)                                                                           AS opponent_team_ordinal_nbr
  , MIN(sca.final_score)                                                                           AS opponent_final_score
  , MIN(gr.round_id)                                                                               AS round_id
  , MIN(gr.code)                                                                                   AS group_code
  , MIN(cm.type)                                                                                   AS competition_type
  , MIN(gmf.withdrawn OR gma.withdrawn OR
        scf.final_score=20 AND sca.final_score=0 OR
        scf.final_score=0 AND sca.final_score=20 OR
        scf.final_score=0 AND sca.final_score=0)                                                   AS is_invalid
  , MIN(gma.withdrawn OR gmf.withdrawn)                                                            AS withdrawn
  , MIN(pe.last_name)                                                                              AS last_name
  , MIN(pe.first_name)                                                                             AS first_name
  , MIN(pe.is_incognito)                                                                           AS is_incognito
  , MIN(ps.jersey_nbr)                                                                             AS jersey_nbr
  , MIN(ps.has_played)                                                                             AS has_played
  , MIN(ps.is_starter)                                                                             AS is_starter
  , (SUM(st.pts) - SUM(st.ftm) - SUM(st.tpm)) / 2                                                  AS field_goals_made
  , ((SUM(st.pts) - SUM(st.ftm) - SUM(st.tpm)) / 2) - SUM(st.tpm)                                  AS two_pointers_made
  , SUM(st.tpm)                                                                                    AS three_pointers_made
  , SUM(st.ftm)                                                                                    AS free_throws_made
  , SUM(st.fta)                                                                                    AS free_throws_attempted
  , SUM(st.ftm) / SUM(st.fta)                                                                      AS free_throw_percentage
  , SUM(CASE WHEN st."period"=1 THEN ps.pf ELSE 0 END)                                             AS personal_fouls
  , SUM(st.pts)                                                                                    AS points
FROM bbstatstest.Persons pe
  INNER JOIN bbstatstest.Players pl           ON pe.id = pl.id
  INNER JOIN bbstatstest.TeamMembers tm       ON pl.id = tm.player_id
  INNER JOIN bbstatstest.PlayerStats ps       ON tm.player_id = ps.player_id AND tm.roster_id = ps.roster_id
  INNER JOIN bbstatstest.Stats st             ON ps.game_id = st.game_id AND ps.is_home = st.is_home AND ps.player_id = st.player_id AND ps.roster_id = st.roster_id

  INNER JOIN bbstatstest.Scores scf           ON ps.game_id = scf.game_id AND ps.is_home = scf.is_home
  INNER JOIN bbstatstest.Rosters rof          ON scf.roster_id = rof.id
  INNER JOIN bbstatstest.Teams tef            ON rof.club_id = tef.club_id AND rof.team_type_code = tef.team_type_code AND rof.team_ordinal_nbr = tef.ordinal_nbr
  INNER JOIN bbstatstest.Clubs clf            ON tef.club_id = clf.id

  INNER JOIN bbstatstest.Games ga             ON scf.game_id = ga.id
  INNER JOIN bbstatstest.Groups gr            ON ga.round_id = gr.round_id AND ga.group_code = gr.code
  INNER JOIN bbstatstest.Rounds rd            ON gr.round_id = rd.id
  INNER JOIN bbstatstest.Competitions cm      ON rd.geo_context_id = cm.geo_context_id AND rd.team_type_code = cm.team_type_code AND rd.competition_type = cm.type AND rd.competition_level = cm.level

  INNER JOIN bbstatstest.Scores sca           ON ps.game_id = sca.game_id AND ps.is_home <> sca.is_home
  INNER JOIN bbstatstest.Rosters roa          ON sca.roster_id = roa.id
  INNER JOIN bbstatstest.Teams tea            ON roa.club_id = tea.club_id AND roa.team_type_code = tea.team_type_code AND roa.team_ordinal_nbr = tea.ordinal_nbr
  INNER JOIN bbstatstest.Clubs cla            ON tea.club_id = cla.id

  INNER JOIN bbstatstest.GroupMembers gmf     ON rof.id = gmf.roster_id AND rd.id = gmf.round_id AND gr.code = gmf.group_code
  INNER JOIN bbstatstest.GroupMembers gma     ON roa.id = gma.roster_id AND rd.id = gma.round_id AND gr.code = gma.group_code

GROUP BY ga.id, pl.id;
